alm:Fire of Sinai +6:57 MP:105 dmg, 3-7 hits:Multi foes:99:Innate;alm:Megidolaon +6:86 MP:190 dmg:All foes:24:Innate;sup:Dekaja +2:32 MP:Remove -kaja effects:All foes:8:Innate;sup:Dekunda +2:32 MP:Remove -kunda effects:All allies:8:Innate;lig:Hamabarion +5:41 MP:265 dmg, 40% instakill when weak to light:1 foe:11:96;pas:Repel Light:Auto:Repels light dmg:Self:1:97;pas:High Almighty Pleroma:Auto:Almighty dmg x1.4:Self:1:98;sup:Shield of God:1 Magatsuhi:Greatly decreases dmg receive until next turn:All allies:50:Tm;
phy:Akashic Arts +2:43 MP:275 dmg, 350 dmg when crit:1 foe:10:Innate;fir:Trisagion +5:48 MP:230 dmg, Pierce:1 foe:13:Innate;lig:Mahamabarion +3:67 MP:185 dmg, 30% instakill when weak to light:All foes:16:Innate;alm:Megidolaon +4:97 MP:190 dmg:All foes:24:Innate;fir:Ragnarok +5:45 MP:150 dmg, 2-5 hits:Multi foes:12:91;phy:Titanomachia +2:52 MP:150 dmg, 20% crit:All foes:12:92;pas:Repel Fire:Auto:Repels fire dmg:Self:1:93;sup:Shield of God:1 Magatsuhi:Greatly decreases dmg receive until next turn:All allies:50:Tm;
ele:Thunder Reign +3:50 MP:150 dmg, 2-5 hits:All foes:12:Innate;lig:Hamabarion +5:41 MP:265 dmg, 40% instakill when weak to light:1 foe:11:Innate;alm:Freikugel +3:50 MP:230 St-based dmg, 20% crit:1 foe:12:Innate;alm:Megidolaon +3:100 MP:190 dmg:All foes:24:Innate;ele:Narukami +3:54 MP:230 dmg, Pierce:1 foe:13:89;sup:Phys Block:70 MP:Nullify next phys attack:All allies:14:90;pas:Repel Elec:Auto:Repels elec dmg:Self:1:91;sup:Shield of God:1 Magatsuhi:Greatly decreases dmg receive until next turn:All allies:50:Tm;
ice:Ice Age +5:48 MP:230 dmg, Pierce:1 foe:13:Innate;lig:Mahamabarion +3:67 MP:185 dmg, 30% instakill when weak to light:All foes:16:Innate;rec:Diamrita +3:22 MP:Diarama + Patra:1 ally:6:Innate;rec:Samarecarm +3:45 MP:Revive with full HP:1 ally:12:Innate;pas:High Ice Pleroma:Auto:Ice dmg x1.4:Self:1:87;ice:Glacial Blast +5:45 MP:150 dmg, 2-5 hits:Multi foes:12:88;pas:Repel Ice:Auto:Repels ice dmg:Self:1:90;sup:Shield of God:1 Magatsuhi:Greatly decreases dmg receive until next turn:All allies:50:Tm;
for:Mazanbarion +5:56 MP:185 dmg:All foes:15:Innate;lig:Hamabarion +3:46 MP:265 dmg, 40% instakill when weak to light:1 foe:11:Innate;ail:Makajamaon +2:21 MP:40% Seal:All foes:5:Innate;rec:Me Patra +3:22 MP:Cure ailments:All allies:6:Innate;pas:High Force Pleroma:Auto:Force dmg x1.4:Self:1:85;for:Killing Wind +5:48 MP:230 dmg, Pierce:1 foe:13:86;pas:Repel Force:Auto:Repels force dmg:Self:1:87;sup:Shield of God:1 Magatsuhi:Greatly decreases dmg receive until next turn:All allies:50:Tm;
phy:Akashic Arts +2:43 MP:275 dmg, 350 dmg when crit:1 foe:10:Innate;fir:Ragnarok +5:45 MP:150 dmg, 2-5 hits:Multi foes:12:Innate;ele:Maziobarion +2:65 MP:185 dmg:All foes:15:Innate;lig:Hamabarion +3:46 MP:265 dmg, 40% instakill when weak to light:1 foe:11:83;phy:Figment Slash +2:43 MP:300 dmg, 50% hit, 100% crit:1 foe:10:84;ele:Narukami +2:56 MP:230 dmg, Pierce:1 foe:13:85;sup:Shield of God:1 Magatsuhi:Greatly decreases dmg receive until next turn:All allies:50:Tm;
phy:Myriad Slashes +2:47 MP:80 dmg, 5 hits, 50% hit:1 foe:11:Innate;for:Floral Gust +2:52 MP:150 dmg, 2-5 hits:Multi foes:12:Innate;lig:Light's Descent +5:45 MP:220 dmg, 40% instakill when weak to light:All foes:99:Innate;ele:Narukami +2:56 MP:230 dmg, Pierce:1 foe:13:81;pas:High Light Pleroma:Auto:Light dmg x1.4:Self:1:82;phy:Akashic Arts +2:43 MP:275 dmg, 350 dmg when crit:1 foe:10:83;sup:Shield of God:1 Magatsuhi:Greatly decreases dmg receive until next turn:All allies:50:Tm;
lig:Mahamabarion +5:60 MP:185 dmg, 30% instakill when weak to light:All foes:16:Innate;rec:Mediarahan +3:112 MP:Fully recover HP:All allies:30:Innate;sup:Makarakarn:50 MP:Repel next magic attack:1 ally:10:Innate;alm:Energy Drain +2:13 MP:80 dmg, Absorbs HP and MP:1 foe:3:78;lig:Hamabarion +5:41 MP:265 dmg, 40% instakill when weak to light:1 foe:11:79;pas:High Light Pleroma:Auto:Light dmg x1.4:Self:1:80;sup:Shield of God:1 Magatsuhi:Greatly decreases dmg receive until next turn:All allies:50:Tm;
phy:Hades Blast +3:50 MP:190 dmg:All foes:12:Innate;fir:Agibarion:50 MP:265 dmg:1 foe:10:Innate;rec:Diarahan +2:28 MP:Fully recover HP:1 ally:7:Innate;pas:Null Fire:Auto:Nullifies fire dmg:Self:1:70;phy:Catastrophe +3:63 MP:290 dmg:1 foe:15:71;lig:Hamabarion +2:47 MP:265 dmg, 40% instakill when weak to light:1 foe:11:72;sup:Shield of God:1 Magatsuhi:Greatly decreases dmg receive until next turn:All allies:50:Tm;
phy:Mortal Jihad +2:26 MP:250 dmg:1 foe:6:Innate;lig:Hamaon +5:18 MP:175 dmg, 40% instakill when weak to light:1 foe:5:Innate;lig:Mahamaon +5:30 MP:135 dmg, 30% instakill when weak to light:All foes:8:Innate;sup:Light Block +2:32 MP:Nullify next light attack:All allies:8:61;phy:Power Punch +2:34 MP:155 dmg, Dmg scales with current HP:1 foe:8:62;sup:Impaler's Animus +2:40 MP:Raise dmg of next attack with pierce:Self:10:63;sup:Shield of God:1 Magatsuhi:Greatly decreases dmg receive until next turn:All allies:50:Tm;
for:Floral Gust +4:48 MP:150 dmg, 2-5 hits:Multi foes:12:Innate;lig:Mahamabarion +4:64 MP:185 dmg, 30% instakill when weak to light:All foes:16:Innate;rec:Diamrita +4:21 MP:Diarama + Patra:1 ally:6:Innate;rec:Samarecarm +4:42 MP:Revive with full HP:1 ally:12:Innate;pas:High Heal Pleroma:Auto:HP recovery x1.4:Self:1:84;rec:Mediarahan +4:105 MP:Fully recover HP:All allies:30:85;sup:Luster Candy +2:120 MP:Tarukaja + Rakukaja + Sukukaja:All allies:30:86;rec:Eternal Prayer:1 Magatsuhi:Salvation + Samarecarm:All allies:50:Tm;
for:Mazanbarion +3:63 MP:185 dmg:All foes:15:Innate;lig:Hamabarion +1:49 MP:265 dmg, 40% instakill when weak to light:1 foe:11:Innate;rec:Diamrita +4:21 MP:Diarama + Patra:1 ally:6:Innate;rec:Eleusinian Harvest +4:105 MP:Fully recover HP 30% past max:All allies:99:Innate;sup:Luster Candy +3:112 MP:Tarukaja + Rakukaja + Sukukaja:All allies:30:77;pas:Null Force:Auto:Nullifies force dmg:Self:1:78;pas:High Heal Pleroma:Auto:HP recovery x1.4:Self:1:79;rec:Eternal Prayer:1 Magatsuhi:Salvation + Samarecarm:All allies:50:Tm;
lig:Hamabarion +3:46 MP:265 dmg, 40% instakill when weak to light:1 foe:11:Innate;ail:Sexy Dance:25 MP:45% Charm:All foes:5:Innate;rec:Mediarahan +3:112 MP:Fully recover HP:All allies:30:Innate;pas:Mana Aid:Auto:Recover MP after battle:Self:1:Innate;sup:Luster Candy +3:112 MP:Tarukaja + Rakukaja + Sukukaja:All allies:30:71;for:Zanbarion +3:42 MP:265 dmg:1 foe:10:72;pas:Boon Boost:Auto:Extends buffs and debuffs cast by 1 turn:Self:1:73;rec:Eternal Prayer:1 Magatsuhi:Salvation + Samarecarm:All allies:50:Tm;
rec:Mediarama +4:42 MP:Moderately recover HP:All allies:12:Innate;sup:Luster Candy +3:112 MP:Tarukaja + Rakukaja + Sukukaja:All allies:30:Innate;rec:Samarecarm +4:42 MP:Revive with full HP:1 ally:12:68;pas:Null Light:Auto:Nullifies light dmg:Self:1:69;sup:Phys Block +3:52 MP:Nullify next phys attack:All allies:14:70;rec:Eternal Prayer:1 Magatsuhi:Salvation + Samarecarm:All allies:50:Tm;
for:Wind Dracostrike +3:21 MP:200 St-based dmg:1 foe:5:Innate;lig:Mahamaon:40 MP:135 dmg, 30% instakill when weak to light:All foes:8:Innate;ail:Makajamaon +2:21 MP:40% Seal:All foes:5:Innate;rec:Diamrita +2:24 MP:Diarama + Patra:1 ally:6:56;phy:Mist Rush +1:31 MP:120 dmg, 2-4 hits, 35% Mirage:Multi foes:7:57;pas:Abyssal Mask:Auto:Greatly increases ailment and instakill resistance:Self:1:58;rec:Eternal Prayer:1 Magatsuhi:Salvation + Samarecarm:All allies:50:Tm;
ice:Bufudyne +3:29 MP:215 dmg:1 foe:7:Innate;ail:Lullaby +2:21 MP:55% Sleep:All foes:5:Innate;sup:Donum Gladi +2:32 MP:Raise dmg of next St-based attack:1 ally:8:Innate;sup:Marakunda +2:24 MP:Lower defense 1 level for 3 turns:All foes:6:48;ice:Mabufula +3:25 MP:120 dmg:All foes:6:49;ail:Tentarafoo +2:21 MP:45% Panic:All foes:5:50;rec:Eternal Prayer:1 Magatsuhi:Salvation + Samarecarm:All allies:50:Tm;
for:Zanma +2:17 MP:160 dmg:1 foe:4:Innate;ail:Marin Karin:10 MP:70% Charm:1 foe:2:Innate;rec:Golden Apple +4:125 MP:Mediarama + Luster Candy:All allies:99:Innate;rec:Diamrita +4:21 MP:Diarama + Patra:1 ally:6:43;lig:Mahamaon +2:34 MP:135 dmg, 30% instakill when weak to light:All foes:8:44;pas:Life Aid:Auto:Recover HP after battle:Self:1:45;rec:Eternal Prayer:1 Magatsuhi:Salvation + Samarecarm:All allies:50:Tm;
rec:Media +4:21 MP:Slightly recover HP:All allies:6:Innate;sup:Bowl of Hygieia +3:15 MP:Raise healing of next recovery spell, 30% past max possible:Self:4:Innate;sup:Matarunda +3:22 MP:Lower attack 1 level for 3 turns:All foes:6:Innate;pas:Heal Pleroma:Auto:HP recovery x1.2:Self:1:36;ice:Bufula:20 MP:160 dmg:1 foe:4:37;lig:Mahama +2:21 MP:105 dmg, 30% instakill when weak to light:All foes:5:38;rec:Eternal Prayer:1 Magatsuhi:Salvation + Samarecarm:All allies:50:Tm;
ice:Hellish Spurt +4:20 MP:130 dmg:All foes:99:Innate;rec:Diarama +2:12 MP:Moderately recover HP:1 ally:3:Innate;sup:Rakunda +1:6 MP:Lower defense 1 level for 3 turns:1 foe:2:Innate;pas:Mana Spring:Auto:Increase max MP:Self:1:30;sup:Matarunda +1:25 MP:Lower attack 1 level for 3 turns:All foes:6:31;lig:Hamaon +2:21 MP:175 dmg, 40% instakill when weak to light:1 foe:5:32;rec:Eternal Prayer:1 Magatsuhi:Salvation + Samarecarm:All allies:50:Tm;
ele:Zionga +2:17 MP:160 dmg:1 foe:4:Innate;lig:Hama +2:13 MP:140 dmg, 40% instakill when weak to light:1 foe:3:Innate;rec:Media +1:25 MP:Slightly recover HP:All allies:6:Innate;sup:Tarukaja +2:6 MP:Raise attack 1 level for 3 turns:1 ally:2:23;ele:Mazio +2:13 MP:95 dmg:All foes:3:24;pas:Resist Light:Auto:Halves light dmg:Self:1:25;rec:Eternal Prayer:1 Magatsuhi:Salvation + Samarecarm:All allies:50:Tm;
for:Zan +3:8 MP:130 dmg:1 foe:2:Innate;rec:Dia +2:6 MP:Slightly recover HP:1 ally:2:Innate;pas:Life Spring:Auto:Increase max HP:Self:1:Innate;lig:Hama +1:13 MP:140 dmg, 40% instakill when weak to light:1 foe:3:16;sup:Rakunda +1:6 MP:Lower defense 1 level for 3 turns:1 foe:2:17;rec:Eternal Prayer:1 Magatsuhi:Salvation + Samarecarm:All allies:50:Tm;
phy:Retaliate +2:Auto:Chance to counter St-based attack with medium dmg:Self:1:Innate;phy:Yabusame Shot +2:43 MP:60 dmg, Pierce, 100% crit:All foes:10:Innate;for:Mazandyne +5:37 MP:155 dmg:All foes:10:Innate;sup:Masukukaja +1:25 MP:Raise hit/evade 1 level for 3 turns:All allies:6:Innate;sup:Force Block +1:34 MP:Nullify next force attack:All allies:8:65;pas:Null Light:Auto:Nullifies light dmg:Self:1:66;phy:Hell Thrust +2:39 MP:235 dmg, Pierce:1 foe:9:67;ail:Accursed Poison:1 Magatsuhi:Random ailment + Debilitate:All foes:50:Tm;
for:Wind Breath +2:21 MP:90 dmg, 2-5 hits:Multi foes:5:Innate;lig:Hamaon +4:20 MP:175 dmg, 40% instakill when weak to light:1 foe:5:Innate;rec:Diarahan +2:28 MP:Fully recover HP:1 ally:7:Innate;pas:Life Aid:Auto:Recover HP after battle:Self:1:55;sup:Phys Block +2:56 MP:Nullify next phys attack:All allies:14:56;phy:Yabusame Shot:50 MP:60 dmg, Pierce, 100% crit:All foes:10:57;ail:Accursed Poison:1 Magatsuhi:Random ailment + Debilitate:All foes:50:Tm;
fir:Agilao +5:15 MP:160 dmg:1 foe:4:Innate;sup:Matarunda +1:25 MP:Lower attack 1 level for 3 turns:All foes:6:Innate;pas:Fire Pleroma:Auto:Fire dmg x1.2:Self:1:Innate;fir:Maragion +5:22 MP:120 dmg:All foes:6:44;sup:Fire Block +1:34 MP:Nullify next fire attack:All allies:8:45;sup:Dekunda +1:34 MP:Remove -kunda effects:All allies:8:46;ail:Accursed Poison:1 Magatsuhi:Random ailment + Debilitate:All foes:50:Tm;
ele:Mazionga +5:22 MP:120 dmg:All foes:6:Innate;ele:Zionga +5:15 MP:160 dmg:1 foe:4:Innate;pas:Elec Pleroma:Auto:Elec dmg x1.2:Self:1:Innate;sup:Masukunda +2:24 MP:Lower hit/evade 1 level for 3 turns:All foes:6:39;sup:Concentrate +2:8 MP:Raise dmg of next Ma-based attack:Self:2:40;pas:Great Life Spring:Auto:Greatly increases max HP:Self:1:41;ail:Accursed Poison:1 Magatsuhi:Random ailment + Debilitate:All foes:50:Tm;
phy:Axel Claw:24 MP:120 dmg, 2-4 hits:Multi foes:5:Innate;for:Mazanma +4:24 MP:120 dmg:All foes:6:Innate;sup:Masukukaja +3:22 MP:Raise hit/evade 1 level for 3 turns:All allies:6:Innate;sup:Force Block +3:30 MP:Nullify next force attack:All allies:8:33;sup:Critical Aura +3:18 MP:Guaranteed crit for next St-based attack:Self:5:34;pas:Force Pleroma:Auto:Force dmg x1.2:Self:1:35;ail:Accursed Poison:1 Magatsuhi:Random ailment + Debilitate:All foes:50:Tm;
fir:Agilao +4:16 MP:160 dmg:1 foe:4:Innate;for:Wind Breath +2:21 MP:90 dmg, 2-5 hits:Multi foes:5:Innate;rec:Media +3:22 MP:Slightly recover HP:All allies:6:Innate;pas:Light Life Aid:Auto:Recover a little HP after battle:Self:1:23;fir:Fire Breath +4:20 MP:90 dmg, 2-5 hits:Multi foes:5:24;phy:Needle Spray:15 MP:70 dmg, 1-4 hits, 20% crit:1 foe:3:25;ail:Accursed Poison:1 Magatsuhi:Random ailment + Debilitate:All foes:50:Tm;
fir:Maragidyne +4:40 MP:155 dmg:All foes:10:Innate;lig:Mahamaon +4:32 MP:135 dmg, 30% instakill when weak to light:All foes:8:Innate;rec:Mediarama +1:51 MP:Moderately recover HP:All allies:12:Innate;sup:Fire Block:40 MP:Nullify next fire attack:All allies:8:65;pas:Null Dark:Auto:Nullifies dark dmg:Self:1:66;pas:Light Pleroma:Auto:Light dmg x1.2:Self:1:67;rec:Sea of Stars:1 Magatsuhi:Moderate MP recovery:All allies:50:Tm;
lig:Hamaon +3:21 MP:175 dmg, 40% instakill when weak to light:1 foe:5:Innate;rec:Diarahan +1:29 MP:Fully recover HP:1 ally:7:Innate;ele:Shockbound +3:21 MP:90 dmg, 2-5 hits:Multi foes:5:51;sup:Dekunda +2:32 MP:Remove -kunda effects:All allies:8:52;sup:Makarakarn +2:40 MP:Repel next magic attack:1 ally:10:53;rec:Sea of Stars:1 Magatsuhi:Moderate MP recovery:All allies:50:Tm;
phy:Fang Breaker +3:12 MP:130 dmg, Tarunda:1 foe:3:Innate;lig:White Dracostrike +3:25 MP:200 St-based dmg, 40% instakill when weak to light:1 foe:6:Innate;sup:Light Block:40 MP:Nullify next light attack:All allies:8:Innate;sup:Taunt:10 MP:Raise chance of being targeted:Self:2:40;phy:Berserker God +3:12 MP:180 dmg:1 foe:3:41;sup:Marakukaja:30 MP:Raise defense 1 level for 3 turns:All allies:6:42;rec:Sea of Stars:1 Magatsuhi:Moderate MP recovery:All allies:50:Tm;
lig:Mahama +4:20 MP:105 dmg, 30% instakill when weak to light:All foes:5:Innate;rec:Diarama +2:12 MP:Moderately recover HP:1 ally:3:Innate;lig:Hamaon +4:20 MP:175 dmg, 40% instakill when weak to light:1 foe:5:29;sup:Light Block +1:34 MP:Nullify next light attack:All allies:8:30;pas:Light Mana Aid:Auto:Recover a little MP after battle:Self:1:31;rec:Sea of Stars:1 Magatsuhi:Moderate MP recovery:All allies:50:Tm;
phy:Heat Wave +1:13 MP:100 dmg:All foes:3:Innate;lig:Hama +3:12 MP:140 dmg, 40% instakill when weak to light:1 foe:3:Innate;sup:Tarunda:8 MP:Lower attack 1 level for 3 turns:1 foe:2:19;phy:Critical Slash +1:9 MP:160 dmg, 50% hit, 100% crit:1 foe:2:20;fir:Agilao +1:18 MP:160 dmg:1 foe:4:21;rec:Sea of Stars:1 Magatsuhi:Moderate MP recovery:All allies:50:Tm;
lig:Hama +3:12 MP:140 dmg, 40% instakill when weak to light:1 foe:3:Innate;rec:Humble Blessing +2:12 MP:Slightly recover HP:All allies:99:Innate;rec:Patra +2:6 MP:Cure ailments:1 ally:2:11;rec:Recarm +2:16 MP:Revive with half HP:1 ally:4:12;rec:Sea of Stars:1 Magatsuhi:Moderate MP recovery:All allies:50:Tm;
phy:Critical Wave +3:21 MP:90 dmg, 20% crit:All foes:5:Innate;ele:Storm Dracostrike +2:21 MP:200 St-based dmg:1 foe:5:Innate;pas:Safeguard:Auto:Nullifies turn penalties when attack is dodged or resisted:Self:1:41;ele:Mazionga +2:26 MP:120 dmg:All foes:6:42;pas:Resist Elec:Auto:Halves elec dmg:Self:1:43;sup:Omagatoki Potential:1 Magatsuhi:Maxes out skill potentials for 1 turn:All allies:50:Tm;
for:Mazan +3:12 MP:95 dmg:All foes:3:Innate;for:Zanma +3:16 MP:160 dmg:1 foe:4:Innate;sup:Sukukaja +1:6 MP:Raise hit/evade 1 level for 3 turns:1 ally:2:25;phy:Blinding Strike:15 MP:130 dmg, Sukunda:1 foe:3:26;sup:Force Block +1:34 MP:Nullify next force attack:All allies:8:27;sup:Omagatoki Potential:1 Magatsuhi:Maxes out skill potentials for 1 turn:All allies:50:Tm;
ice:Bufu +2:8 MP:130 dmg:1 foe:2:Innate;ice:Mabufu +2:13 MP:95 dmg:All foes:3:Innate;rec:Patra +1:6 MP:Cure ailments:1 ally:2:17;sup:Tarunda +1:6 MP:Lower attack 1 level for 3 turns:1 foe:2:18;sup:Omagatoki Potential:1 Magatsuhi:Maxes out skill potentials for 1 turn:All allies:50:Tm;
ele:Zio +2:8 MP:130 dmg:1 foe:2:Innate;rec:Dia:8 MP:Slightly recover HP:1 ally:2:11;sup:Sukukaja +2:6 MP:Raise hit/evade 1 level for 3 turns:1 ally:2:12;sup:Omagatoki Potential:1 Magatsuhi:Maxes out skill potentials for 1 turn:All allies:50:Tm;
ele:Zio +1:9 MP:130 dmg:1 foe:2:Innate;phy:Lunge:5 MP:145 dmg:1 foe:1:7;phy:Toxic Sting:10 MP:110 dmg, 60% Poison:1 foe:2:8;sup:Omagatoki Potential:1 Magatsuhi:Maxes out skill potentials for 1 turn:All allies:50:Tm;
phy:Hades Blast +3:50 MP:190 dmg:All foes:12:Innate;fir:Trisagion +5:48 MP:230 dmg, Pierce:1 foe:13:Innate;rec:Mediarahan +3:112 MP:Fully recover HP:All allies:30:Innate;sup:Debilitate +2:120 MP:Tarunda + Rakunda + Sukunda:All foes:30:Innate;sup:Dekunda +2:32 MP:Remove -kunda effects:All allies:8:84;fir:Ragnarok +5:45 MP:150 dmg, 2-5 hits:Multi foes:12:85;phy:Akashic Arts +3:42 MP:275 dmg, 350 dmg when crit:1 foe:10:86;sup:Impaler's Glory:1 Magatsuhi:Greatly raise dmg of next attack with pierce:Self:50:Tm;
phy:Hades Blast +4:48 MP:190 dmg:All foes:12:Innate;phy:Hell Thrust +4:36 MP:235 dmg, Pierce:1 foe:9:Innate;sup:Marakunda +2:24 MP:Lower defense 1 level for 3 turns:All foes:6:Innate;ail:Toxic Spray +1:13 MP:Poisma + Rakunda:1 foe:3:67;pas:Critical Zealot:Auto:Increases crit dmg, decreases normal dmg:Self:1:68;pas:Poison Master:Auto:Greatly increases effects of Poison:Self:1:69;sup:Impaler's Glory:1 Magatsuhi:Greatly raise dmg of next attack with pierce:Self:50:Tm;
for:Zandyne +3:29 MP:215 dmg:1 foe:7:Innate;dar:Mamudoon +1:36 MP:135 dmg, 30% instakill when weak to dark:All foes:8:Innate;ail:Tentarafoo +4:20 MP:45% Panic:All foes:5:Innate;pas:Safeguard:Auto:Nullifies turn penalties when attack is dodged or resisted:Self:1:Innate;sup:Dark Block:40 MP:Nullify next dark attack:All allies:8:53;sup:Dekaja:40 MP:Remove -kaja effects:All foes:8:54;pas:Great Mana Spring:Auto:Greatly increases max MP:Self:1:55;sup:Impaler's Glory:1 Magatsuhi:Greatly raise dmg of next attack with pierce:Self:50:Tm;
phy:Purple Smoke +2:21 MP:75 dmg, 3 hits, 120 dmg against Panic:1 foe:5:Innate;ice:Bufudyne +3:29 MP:215 dmg:1 foe:7:Innate;dar:Mudoon +3:21 MP:175 dmg, 40% instakill when weak to dark:1 foe:5:Innate;alm:Silt of Ruin +2:39 MP:140 dmg, Sukunda:All foes:99:Innate;ail:Tentarafoo +3:21 MP:45% Panic:All foes:5:49;ele:Mazionga:30 MP:120 dmg:All foes:6:50;pas:Great Mana Spring:Auto:Greatly increases max MP:Self:1:51;sup:Impaler's Glory:1 Magatsuhi:Greatly raise dmg of next attack with pierce:Self:50:Tm;
phy:Beatdown:15 MP:110 dmg, Dmg scales with current HP:1 foe:3:Innate;sup:Matarunda +1:25 MP:Lower attack 1 level for 3 turns:All foes:6:Innate;pas:Resist Light:Auto:Halves light dmg:Self:1:Innate;ele:Mazionga +3:25 MP:120 dmg:All foes:6:43;sup:Donum Gladi +1:34 MP:Raise dmg of next St-based attack:1 ally:8:44;dar:Mamudoon +2:34 MP:135 dmg, 30% instakill when weak to dark:All foes:8:45;sup:Impaler's Glory:1 Magatsuhi:Greatly raise dmg of next attack with pierce:Self:50:Tm;
fir:Maragion +1:27 MP:120 dmg:All foes:6:Innate;dar:Mudoon +3:21 MP:175 dmg, 40% instakill when weak to dark:1 foe:5:Innate;dar:Mamudo +3:21 MP:105 dmg, 30% instakill when weak to dark:All foes:5:34;pas:Dark Pleroma:Auto:Dark dmg x1.2:Self:1:35;sup:Dark Block:40 MP:Nullify next dark attack:All allies:8:36;sup:Impaler's Glory:1 Magatsuhi:Greatly raise dmg of next attack with pierce:Self:50:Tm;
phy:Damascus Claw +3:20 MP:90 dmg, 2-3 hits:1 foe:5:Innate;phy:Steel Needle +3:21 MP:75 dmg, 1-4 hits, 20% crit:1 foe:5:Innate;ele:Zionga +2:17 MP:160 dmg:1 foe:4:49;sup:Masukukaja +1:25 MP:Raise hit/evade 1 level for 3 turns:All allies:6:50;rec:Me Patra:30 MP:Cure ailments:All allies:6:51;ail:Accursed Poison:1 Magatsuhi:Random ailment + Debilitate:All foes:50:Tm;
for:Mazanma +3:25 MP:120 dmg:All foes:6:Innate;for:Zanma +3:16 MP:160 dmg:1 foe:4:Innate;sup:Tetrakarn +2:40 MP:Repel next phys attack:1 ally:10:Innate;sup:Marakunda +2:24 MP:Lower defense 1 level for 3 turns:All foes:6:39;rec:Media +1:25 MP:Slightly recover HP:All allies:6:40;pas:Boon Boost:Auto:Extends buffs and debuffs cast by 1 turn:Self:1:41;ail:Accursed Poison:1 Magatsuhi:Random ailment + Debilitate:All foes:50:Tm;
phy:Needle Spray +2:13 MP:70 dmg, 1-4 hits, 20% crit:1 foe:3:Innate;phy:Toxic Sting +2:8 MP:110 dmg, 60% Poison:1 foe:2:Innate;ele:Zio +1:9 MP:130 dmg:1 foe:2:15;phy:Madness Needle +2:8 MP:110 dmg, 45% Panic:1 foe:2:16;ail:Accursed Poison:1 Magatsuhi:Random ailment + Debilitate:All foes:50:Tm;
fir:Agi +2:8 MP:130 dmg:1 foe:2:Innate;ail:Pulinpa:10 MP:70% Panic:1 foe:2:5;dar:Mudo +1:13 MP:140 dmg, 40% instakill when weak to dark:1 foe:3:6;ail:Accursed Poison:1 Magatsuhi:Random ailment + Debilitate:All foes:50:Tm;
fir:Maragibarion +3:63 MP:185 dmg:All foes:15:Innate;ele:Ziobarion +5:37 MP:265 dmg:1 foe:10:Innate;ail:Tentarafoo +4:20 MP:45% Panic:All foes:5:Innate;sup:Makarakarn:50 MP:Repel next magic attack:1 ally:10:Innate;for:Floral Gust +2:52 MP:150 dmg, 2-5 hits:Multi foes:12:94;ele:Maziobarion +5:56 MP:185 dmg:All foes:15:95;pas:Drain Force:Auto:Drains force dmg:Self:1:96;sup:Omagatoki Charge:1 Magatsuhi:All charge effects extended until the next turn:All allies:50:Tm;
lig:Mahamabarion +4:64 MP:185 dmg, 30% instakill when weak to light:All foes:16:Innate;dar:Mamudobarion +6:57 MP:185 dmg, 30% instakill when weak to dark:All foes:16:Innate;dar:Mudobarion +6:39 MP:265 dmg, 40% instakill when weak to dark:1 foe:11:Innate;rec:Mediarahan +3:112 MP:Fully recover HP:All allies:30:Innate;pas:High Dark Pleroma:Auto:Dark dmg x1.4:Self:1:88;pas:Enduring Soul:Auto:Survive fatal attack with full HP once per battle:Self:1:89;pas:Repel Dark:Auto:Repels dark dmg:Self:1:90;sup:Omagatoki Charge:1 Magatsuhi:All charge effects extended until the next turn:All allies:50:Tm;
phy:Panta Spane +4:52 MP:180 dmg, Tarunda + Rakunda:All foes:99:Innate;ele:Keraunos +6:36 MP:300 St-based dmg, Pierce:1 foe:99:Innate;alm:Madness Glint +2:43 MP:150 dmg, 2-5 hits, 40% Panic, Seal:Multi foes:99:Innate;sup:Impaler's Animus +1:42 MP:Raise dmg of next attack with pierce:Self:10:Innate;ele:Maziobarion +6:54 MP:185 dmg:All foes:15:87;pas:High Elec Pleroma:Auto:Elec dmg x1.4:Self:1:88;pas:Drain Elec:Auto:Drains elec dmg:Self:1:89;sup:Omagatoki Charge:1 Magatsuhi:All charge effects extended until the next turn:All allies:50:Tm;
fir:Maragibarion +7:51 MP:185 dmg:All foes:15:Innate;fir:Trisagion +7:44 MP:230 dmg, Pierce:1 foe:13:Innate;lig:Mahamabarion +5:60 MP:185 dmg, 30% instakill when weak to light:All foes:16:Innate;alm:Megidolaon +3:100 MP:190 dmg:All foes:24:79;pas:High Fire Pleroma:Auto:Fire dmg x1.4:Self:1:80;pas:Null Phys:Auto:Nullifies phys dmg:Self:1:81;sup:Omagatoki Charge:1 Magatsuhi:All charge effects extended until the next turn:All allies:50:Tm;
phy:Figment Slash +6:36 MP:300 dmg, 50% hit, 100% crit:1 foe:10:Innate;phy:Gungnir +6:36 MP:300 dmg, Pierce:1 foe:99:Innate;phy:Hades Blast +6:43 MP:190 dmg:All foes:12:Innate;ele:Maziobarion +4:60 MP:185 dmg:All foes:15:Innate;sup:Critical Aura +1:21 MP:Guaranteed crit for next St-based attack:Self:5:78;ele:Thunder Reign +4:48 MP:150 dmg, 2-5 hits:All foes:12:79;pas:High Elec Pleroma:Auto:Elec dmg x1.4:Self:1:80;sup:Omagatoki Charge:1 Magatsuhi:All charge effects extended until the next turn:All allies:50:Tm;
lig:Hamaon +3:21 MP:175 dmg, 40% instakill when weak to light:1 foe:5:Innate;dar:Mamudoon +3:33 MP:135 dmg, 30% instakill when weak to dark:All foes:8:Innate;alm:Megidola +2:60 MP:160 dmg:All foes:14:Innate;pas:Null Dark:Auto:Nullifies dark dmg:Self:1:66;rec:Diamrita +3:22 MP:Diarama + Patra:1 ally:6:67;sup:Debilitate:150 MP:Tarunda + Rakunda + Sukunda:All foes:30:68;sup:Omagatoki Charge:1 Magatsuhi:All charge effects extended until the next turn:All allies:50:Tm;
phy:Dark Sword +3:21 MP:90 dmg, 2 hits, 30% Seal:1 foe:5:Innate;phy:Karnak +3:42 MP:150 dmg, 30% crit:All foes:99:Innate;fir:Agidyne +4:28 MP:215 dmg:1 foe:7:Innate;lig:Hamaon +5:18 MP:175 dmg, 40% instakill when weak to light:1 foe:5:Innate;lig:Mahamaon +5:30 MP:135 dmg, 30% instakill when weak to light:All foes:8:63;pas:Resist Phys:Auto:Halves phys dmg:Self:1:64;sup:Debilitate +3:112 MP:Tarunda + Rakunda + Sukunda:All foes:30:65;sup:Omagatoki Charge:1 Magatsuhi:All charge effects extended until the next turn:All allies:50:Tm;
phy:Fatal Sword +4:20 MP:180 dmg, 30% crit:1 foe:5:Innate;lig:White Dracostrike +2:26 MP:200 St-based dmg, 40% instakill when weak to light:1 foe:6:Innate;dar:Mamudoon +2:34 MP:135 dmg, 30% instakill when weak to dark:All foes:8:Innate;pas:Light Pleroma:Auto:Light dmg x1.2:Self:1:55;lig:Mahamaon +2:34 MP:135 dmg, 30% instakill when weak to light:All foes:8:56;phy:Retaliate +4:Auto:Chance to counter St-based attack with medium dmg:Self:1:57;sup:Omagatoki Charge:1 Magatsuhi:All charge effects extended until the next turn:All allies:50:Tm;
lig:Mahamaon +3:33 MP:135 dmg, 30% instakill when weak to light:All foes:8:Innate;lig:White Dracostrike +3:25 MP:200 St-based dmg, 40% instakill when weak to light:1 foe:6:Innate;rec:Diarama +2:12 MP:Moderately recover HP:1 ally:3:Innate;sup:Masukukaja +2:24 MP:Raise hit/evade 1 level for 3 turns:All allies:6:43;alm:Megido +2:34 MP:125 dmg:All foes:8:44;pas:Great Mana Spring:Auto:Greatly increases max MP:Self:1:45;sup:Omagatoki Charge:1 Magatsuhi:All charge effects extended until the next turn:All allies:50:Tm;
lig:Hamaon +2:21 MP:175 dmg, 40% instakill when weak to light:1 foe:5:Innate;alm:Megido +1:36 MP:125 dmg:All foes:8:Innate;pas:Mana Spring:Auto:Increase max MP:Self:1:Innate;pas:Resist Ice:Auto:Halves ice dmg:Self:1:34;sup:Matarunda +3:22 MP:Lower attack 1 level for 3 turns:All foes:6:35;pas:Light Pleroma:Auto:Light dmg x1.2:Self:1:36;sup:Omagatoki Charge:1 Magatsuhi:All charge effects extended until the next turn:All allies:50:Tm;
phy:Catastrophe +6:54 MP:290 dmg:1 foe:15:Innate;sup:Impaler's Animus +4:35 MP:Raise dmg of next attack with pierce:Self:10:Innate;sup:Matarukaja +4:21 MP:Raise attack 1 level for 3 turns:All allies:6:Innate;pas:Resist Phys:Auto:Halves phys dmg:Self:1:70;pas:Phys Pleroma:Auto:Phys dmg x1.2:Self:1:71;phy:Hades Blast +6:43 MP:190 dmg:All foes:12:72;alm:Freikugel EX:1 Magatsuhi:550 lvl-dependent dmg:1 foe:50:Tm;
phy:Brave Blade +6:32 MP:220 dmg, 30% crit:1 foe:9:Innate;phy:Mighty Cleave +6:18 MP:240 dmg, 50% hit, 100% crit:1 foe:5:Innate;phy:Mist Rush +6:25 MP:120 dmg, 2-4 hits, 35% Mirage:Multi foes:7:Innate;phy:Titanomachia +6:43 MP:150 dmg, 20% crit:All foes:12:Innate;pas:Safeguard:Auto:Nullifies turn penalties when attack is dodged or resisted:Self:1:64;pas:Enduring Soul:Auto:Survive fatal attack with full HP once per battle:Self:1:65;sup:Impaler's Animus +1:42 MP:Raise dmg of next attack with pierce:Self:10:66;alm:Freikugel EX:1 Magatsuhi:550 lvl-dependent dmg:1 foe:50:Tm;
phy:Mighty Cleave +3:21 MP:240 dmg, 50% hit, 100% crit:1 foe:5:Innate;phy:Mist Rush +3:29 MP:120 dmg, 2-4 hits, 35% Mirage:Multi foes:7:Innate;for:Wind Dracostrike +1:22 MP:200 St-based dmg:1 foe:5:Innate;sup:Fierce Roar +4:21 MP:Taunt + Rakukaja:Self:6:58;pas:Phys Pleroma:Auto:Phys dmg x1.2:Self:1:59;pas:Critical Zealot:Auto:Increases crit dmg, decreases normal dmg:Self:1:60;alm:Freikugel EX:1 Magatsuhi:550 lvl-dependent dmg:1 foe:50:Tm;
phy:Hassou Tobi +5:45 MP:30 dmg, 8 hits, 100% crit:Multi foes:99:Innate;phy:Pierce Armor +5:11 MP:130 dmg, Rakunda:1 foe:3:Innate;phy:Puncture Punch +5:11 MP:150 dmg, Pierce:1 foe:3:46;phy:Retaliate +5:Auto:Chance to counter St-based attack with medium dmg:Self:1:47;pas:Restore:Auto:Recover 10 MP when striking enemy weakness or crit:Self:1:48;alm:Freikugel EX:1 Magatsuhi:550 lvl-dependent dmg:1 foe:50:Tm;
rec:Dia +3:6 MP:Slightly recover HP:1 ally:2:Innate;sup:Rakunda +3:6 MP:Lower defense 1 level for 3 turns:1 foe:2:Innate;sup:Sukunda +3:6 MP:Lower hit/evade 1 level for 3 turns:1 foe:2:6;phy:Fang Breaker:15 MP:130 dmg, Tarunda:1 foe:3:7;alm:Freikugel EX:1 Magatsuhi:550 lvl-dependent dmg:1 foe:50:Tm;
phy:Damascus Claw +3:20 MP:90 dmg, 2-3 hits:1 foe:5:Innate;ele:Maziodyne +4:40 MP:155 dmg:All foes:10:Innate;sup:Tetrakarn +1:42 MP:Repel next phys attack:1 ally:10:Innate;pas:High Restore:Auto:Recover 20 MP when striking enemy weakness or crit:Self:1:61;sup:Elec Block +1:34 MP:Nullify next elec attack:All allies:8:62;pas:Null Force:Auto:Nullifies force dmg:Self:1:63;sup:Omagatoki Hit:1 Magatsuhi:Greatly raises accuracy and ailment hit for 1 turn:All allies:50:Tm;
lig:Mahama +4:20 MP:105 dmg, 30% instakill when weak to light:All foes:5:Innate;dar:Mudoon +4:20 MP:175 dmg, 40% instakill when weak to dark:1 foe:5:Innate;sup:Makarakarn:50 MP:Repel next magic attack:1 ally:10:Innate;lig:Hamaon +4:20 MP:175 dmg, 40% instakill when weak to light:1 foe:5:42;sup:Donum Gladi:40 MP:Raise dmg of next St-based attack:1 ally:8:43;sup:Light Block:40 MP:Nullify next light attack:All allies:8:44;sup:Omagatoki Hit:1 Magatsuhi:Greatly raises accuracy and ailment hit for 1 turn:All allies:50:Tm;
lig:Mahama +1:22 MP:105 dmg, 30% instakill when weak to light:All foes:5:Innate;rec:Dia +3:6 MP:Slightly recover HP:1 ally:2:Innate;rec:Recarm +3:15 MP:Revive with half HP:1 ally:4:Innate;sup:Sukunda +2:6 MP:Lower hit/evade 1 level for 3 turns:1 foe:2:22;pas:Mana Spring:Auto:Increase max MP:Self:1:23;sup:Omagatoki Hit:1 Magatsuhi:Greatly raises accuracy and ailment hit for 1 turn:All allies:50:Tm;
phy:Frenzied Chomp +3:21 MP:165 dmg, 25% Poison, Panic, Charm:1 foe:5:Innate;phy:Severing Bite +3:21 MP:190 dmg, 300 dmg when crit:1 foe:5:Innate;fir:Fire Dracostrike +2:21 MP:200 St-based dmg:1 foe:5:Innate;sup:Fierce Roar:30 MP:Taunt + Rakukaja:Self:6:Innate;ele:Ziodyne +3:29 MP:215 dmg:1 foe:7:56;phy:Eat Whole +3:16 MP:150 dmg, Absorbs HP:1 foe:4:57;pas:Null Fire:Auto:Nullifies fire dmg:Self:1:58;sup:Omagatoki Hit:1 Magatsuhi:Greatly raises accuracy and ailment hit for 1 turn:All allies:50:Tm;
phy:Damascus Claw +2:20 MP:90 dmg, 2-3 hits:1 foe:5:Innate;ele:Mazionga +5:22 MP:120 dmg:All foes:6:Innate;ele:Storm Dracostrike +5:18 MP:200 St-based dmg:1 foe:5:Innate;sup:Fierce Roar +1:25 MP:Taunt + Rakukaja:Self:6:44;pas:Great Life Spring:Auto:Greatly increases max HP:Self:1:45;phy:Frenzied Chomp +2:21 MP:165 dmg, 25% Poison, Panic, Charm:1 foe:5:46;sup:Omagatoki Hit:1 Magatsuhi:Greatly raises accuracy and ailment hit for 1 turn:All allies:50:Tm;
phy:Carnage Fang +5:15 MP:260 dmg, 350 dmg when crit:1 foe:99:Innate;rec:Sun's Radiance +3:9 MP:Diarama + Patra:1 ally:99:Innate;sup:Phys Block +3:52 MP:Nullify next phys attack:All allies:14:Innate;sup:Witness Me +3:3 MP:Taunt + Sukukaja x2:Self:99:Innate;ele:Ziodyne +4:28 MP:215 dmg:1 foe:7:41;pas:Resist Force:Auto:Halves force dmg:Self:1:42;pas:Enduring Soul:Auto:Survive fatal attack with full HP once per battle:Self:1:43;sup:Omagatoki Hit:1 Magatsuhi:Greatly raises accuracy and ailment hit for 1 turn:All allies:50:Tm;
fir:Ghastfire Rain +3:25 MP:150 dmg:All foes:99:Innate;lig:Hama +2:13 MP:140 dmg, 40% instakill when weak to light:1 foe:3:Innate;pas:Restore:Auto:Recover 10 MP when striking enemy weakness or crit:Self:1:Innate;phy:Blinding Strike:15 MP:130 dmg, Sukunda:1 foe:3:28;sup:Light Block +4:28 MP:Nullify next light attack:All allies:8:29;sup:Cautious Cheer +4:35 MP:Rakukaja + Sukukaja:All allies:99:30;sup:Omagatoki Hit:1 Magatsuhi:Greatly raises accuracy and ailment hit for 1 turn:All allies:50:Tm;
phy:Bestial Bite +1:4 MP:130 dmg, 200 dmg when crit:1 foe:1:Innate;ele:Mazio +3:12 MP:95 dmg:All foes:3:Innate;phy:Scratch Dance +1:10 MP:85 dmg, 2-4 hits:Multi foes:3:20;sup:Sukunda +2:6 MP:Lower hit/evade 1 level for 3 turns:1 foe:2:21;ele:Zionga +3:16 MP:160 dmg:1 foe:4:22;sup:Omagatoki Hit:1 Magatsuhi:Greatly raises accuracy and ailment hit for 1 turn:All allies:50:Tm;
ele:Maziobarion +4:60 MP:185 dmg:All foes:15:Innate;dar:Heavenly Counter:Auto:Chance to counter St-based attack with light dmg, Tarunda:Self:99:Innate;alm:Energy Drain +3:12 MP:80 dmg, Absorbs HP and MP:1 foe:3:Innate;rec:Mediarahan +2:120 MP:Fully recover HP:All allies:30:Innate;for:Zanbarion +2:43 MP:265 dmg:1 foe:10:77;pas:Almighty Pleroma:Auto:Almighty dmg x1.2:Self:1:78;ele:Thunder Reign +4:48 MP:150 dmg, 2-5 hits:All foes:12:79;sup:Omagatoki Luck:1 Magatsuhi:Greatly increases exp and money if battle ends in same turn:All allies:50:Tm;
phy:Hades Blast +5:45 MP:190 dmg:All foes:12:Innate;phy:Mac an Luin +5:37 MP:270 dmg, 340 dmg when crit:1 foe:99:Innate;fir:Agibarion +4:40 MP:265 dmg:1 foe:10:Innate;sup:Estoma:35 MP:Prevent encounters until the next new moon:Self:7:Innate;pas:Enduring Soul:Auto:Survive fatal attack with full HP once per battle:Self:1:72;ice:Bufubarion +3:42 MP:265 dmg:1 foe:10:73;pas:Null Ice:Auto:Nullifies ice dmg:Self:1:74;sup:Omagatoki Luck:1 Magatsuhi:Greatly increases exp and money if battle ends in same turn:All allies:50:Tm;
phy:Fatal Sword +4:20 MP:180 dmg, 30% crit:1 foe:5:Innate;for:Mazanma +4:24 MP:120 dmg:All foes:6:Innate;for:Zandyne +4:28 MP:215 dmg:1 foe:7:Innate;sup:Charge +2:8 MP:Raise dmg of next St-based attack:Self:2:53;pas:Force Pleroma:Auto:Force dmg x1.2:Self:1:54;phy:Mist Rush +4:28 MP:120 dmg, 2-4 hits, 35% Mirage:Multi foes:7:55;sup:Omagatoki Luck:1 Magatsuhi:Greatly increases exp and money if battle ends in same turn:All allies:50:Tm;
phy:Purple Smoke +3:21 MP:75 dmg, 3 hits, 120 dmg against Panic:1 foe:5:Innate;for:Wind Dracostrike +2:21 MP:200 St-based dmg:1 foe:5:Innate;sup:Masukunda +1:25 MP:Lower hit/evade 1 level for 3 turns:All foes:6:47;pas:Light Mana Aid:Auto:Recover a little MP after battle:Self:1:48;sup:Tetrakarn +1:42 MP:Repel next phys attack:1 ally:10:49;sup:Omagatoki Luck:1 Magatsuhi:Greatly increases exp and money if battle ends in same turn:All allies:50:Tm;
phy:Acrobat Kick +1:22 MP:80 dmg, 100% crit:1 foe:5:Innate;for:Wind Dracostrike +4:20 MP:200 St-based dmg:1 foe:5:Innate;lig:Mahama +2:21 MP:105 dmg, 30% instakill when weak to light:All foes:5:40;pas:Light Life Aid:Auto:Recover a little HP after battle:Self:1:41;for:Mazanma +4:24 MP:120 dmg:All foes:6:42;sup:Omagatoki Luck:1 Magatsuhi:Greatly increases exp and money if battle ends in same turn:All allies:50:Tm;
fir:Agi +3:8 MP:130 dmg:1 foe:2:Innate;ail:Pulinpa +1:9 MP:70% Panic:1 foe:2:Innate;fir:Maragi +3:12 MP:95 dmg:All foes:3:19;sup:Omagatoki Luck:1 Magatsuhi:Greatly increases exp and money if battle ends in same turn:All allies:50:Tm;
ice:Bufu +3:8 MP:130 dmg:1 foe:2:Innate;ail:Poisma +1:9 MP:85% Poison:1 foe:2:Innate;ice:Mabufu +3:12 MP:95 dmg:All foes:3:16;sup:Omagatoki Luck:1 Magatsuhi:Greatly increases exp and money if battle ends in same turn:All allies:50:Tm;
for:Zan +3:8 MP:130 dmg:1 foe:2:Innate;ail:Makajama +1:9 MP:65% Seal:1 foe:2:Innate;for:Mazan +3:12 MP:95 dmg:All foes:3:13;sup:Omagatoki Luck:1 Magatsuhi:Greatly increases exp and money if battle ends in same turn:All allies:50:Tm;
ele:Zio +3:8 MP:130 dmg:1 foe:2:Innate;ail:Dustoma +1:9 MP:75% Mirage:1 foe:2:Innate;ele:Mazio +3:12 MP:95 dmg:All foes:3:10;sup:Omagatoki Luck:1 Magatsuhi:Greatly increases exp and money if battle ends in same turn:All allies:50:Tm;
ele:Ziodyne +3:29 MP:215 dmg:1 foe:7:Innate;rec:Diarahan +3:26 MP:Fully recover HP:1 ally:7:Innate;pas:Great Mana Spring:Auto:Greatly increases max MP:Self:1:Innate;sup:Marakunda +1:25 MP:Lower defense 1 level for 3 turns:All foes:6:58;ail:Lullaby:25 MP:55% Sleep:All foes:5:59;ele:Maziodyne +3:42 MP:155 dmg:All foes:10:60;sup:Fairy Banquet:1 Magatsuhi:Maxes buffs for 3 turns:All allies:50:Tm;
for:Zandyne +3:29 MP:215 dmg:1 foe:7:Innate;rec:Diamrita +2:24 MP:Diarama + Patra:1 ally:6:Innate;rec:Samarecarm +2:48 MP:Revive with full HP:1 ally:12:Innate;sup:Matarukaja +2:24 MP:Raise attack 1 level for 3 turns:All allies:6:48;sup:Force Block +2:32 MP:Nullify next force attack:All allies:8:49;lig:Mahamaon:40 MP:135 dmg, 30% instakill when weak to light:All foes:8:50;sup:Fairy Banquet:1 Magatsuhi:Maxes buffs for 3 turns:All allies:50:Tm;
ice:Bufula +3:16 MP:160 dmg:1 foe:4:Innate;rec:Diarama +2:12 MP:Moderately recover HP:1 ally:3:Innate;sup:Donum Magici +1:34 MP:Raise dmg of next Ma-based attack:1 ally:8:Innate;sup:Marakukaja +1:25 MP:Raise defense 1 level for 3 turns:All allies:6:42;rec:Me Patra +2:24 MP:Cure ailments:All allies:6:43;pas:Boon Boost:Auto:Extends buffs and debuffs cast by 1 turn:Self:1:44;sup:Fairy Banquet:1 Magatsuhi:Maxes buffs for 3 turns:All allies:50:Tm;
phy:Deathbound +3:29 MP:150 dmg:All foes:7:Innate;phy:Fatal Sword +3:21 MP:180 dmg, 30% crit:1 foe:5:Innate;phy:Fang Breaker +3:12 MP:130 dmg, Tarunda:1 foe:3:36;for:Mazanma +1:27 MP:120 dmg:All foes:6:37;phy:Acrobat Kick +3:21 MP:80 dmg, 100% crit:1 foe:5:38;sup:Fairy Banquet:1 Magatsuhi:Maxes buffs for 3 turns:All allies:50:Tm;
phy:Berserker God:15 MP:180 dmg:1 foe:3:Innate;rec:Diarama +3:11 MP:Moderately recover HP:1 ally:3:Innate;pas:Inspiring Leader:Auto:Increases exp gained when lvl lower than protag:Self:1:Innate;ail:Dustoma:10 MP:75% Mirage:1 foe:2:31;sup:Masukunda +1:25 MP:Lower hit/evade 1 level for 3 turns:All foes:6:32;pas:Resist Elec:Auto:Halves elec dmg:Self:1:33;sup:Fairy Banquet:1 Magatsuhi:Maxes buffs for 3 turns:All allies:50:Tm;
ice:Ice Breath +4:20 MP:90 dmg, 2-5 hits:Multi foes:5:Innate;ice:Jack Bufula +4:16 MP:160 dmg, Rakunda:1 foe:99:Innate;sup:Ice Block:40 MP:Nullify next ice attack:All allies:8:26;lig:Mahama +2:21 MP:105 dmg, 30% instakill when weak to light:All foes:5:27;pas:Resist Light:Auto:Halves light dmg:Self:1:28;sup:Fairy Banquet:1 Magatsuhi:Maxes buffs for 3 turns:All allies:50:Tm;
fir:Agilao +5:15 MP:160 dmg:1 foe:4:Innate;fir:Maragi +5:11 MP:95 dmg:All foes:3:Innate;sup:Tarunda +1:6 MP:Lower attack 1 level for 3 turns:1 foe:2:21;pas:Life Spring:Auto:Increase max HP:Self:1:22;sup:Fairy Banquet:1 Magatsuhi:Maxes buffs for 3 turns:All allies:50:Tm;
ele:Zio +1:9 MP:130 dmg:1 foe:2:Innate;rec:Dia +1:6 MP:Slightly recover HP:1 ally:2:Innate;sup:Sukunda +1:6 MP:Lower hit/evade 1 level for 3 turns:1 foe:2:Innate;for:Zanma +1:18 MP:160 dmg:1 foe:4:19;sup:Concentrate +1:8 MP:Raise dmg of next Ma-based attack:Self:2:20;sup:Fairy Banquet:1 Magatsuhi:Maxes buffs for 3 turns:All allies:50:Tm;
rec:Dia +1:6 MP:Slightly recover HP:1 ally:2:Innate;rec:Patra +1:6 MP:Cure ailments:1 ally:2:Innate;for:Zan +1:9 MP:130 dmg:1 foe:2:3;sup:Rakukaja +1:6 MP:Raise defense 1 level for 3 turns:1 ally:2:4;sup:Fairy Banquet:1 Magatsuhi:Maxes buffs for 3 turns:All allies:50:Tm;
phy:Power Punch +3:33 MP:155 dmg, Dmg scales with current HP:1 foe:8:Innate;phy:Severing Bite +3:21 MP:190 dmg, 300 dmg when crit:1 foe:5:Innate;fir:Fire Breath +4:20 MP:90 dmg, 2-5 hits:Multi foes:5:Innate;pas:Resist Phys:Auto:Halves phys dmg:Self:1:65;phy:Madness Nails +3:30 MP:165 dmg, 2-4 hits:Multi foes:8:66;pas:Enduring Soul:Auto:Survive fatal attack with full HP once per battle:Self:1:67;sup:Omagatoki Adversity:1 Magatsuhi:All attacks and recovery scaled by lost HP for 1 turn:All allies:50:Tm;
phy:Madness Nails +3:30 MP:165 dmg, 2-4 hits:Multi foes:8:Innate;phy:Severing Bite +3:21 MP:190 dmg, 300 dmg when crit:1 foe:5:Innate;ele:Souffle D'eclair +2:47 MP:330 dmg:1 foe:99:Innate;sup:Critical Aura:25 MP:Guaranteed crit for next St-based attack:Self:5:55;pas:Phys Pleroma:Auto:Phys dmg x1.2:Self:1:56;phy:Nihil Claw +3:30 MP:125 dmg, 2-3 hits:1 foe:8:57;sup:Omagatoki Adversity:1 Magatsuhi:All attacks and recovery scaled by lost HP for 1 turn:All allies:50:Tm;
fir:Agidyne +3:29 MP:215 dmg:1 foe:7:Innate;dar:Mudoon +2:21 MP:175 dmg, 40% instakill when weak to dark:1 foe:5:Innate;alm:Megido:40 MP:125 dmg:All foes:8:Innate;phy:Heavy Blow +1:13 MP:160 dmg, 240 dmg when crit:1 foe:3:50;phy:Dream Fist +1:18 MP:140 dmg, 450 dmg against Sleep:1 foe:4:51;sup:Marakunda +1:25 MP:Lower defense 1 level for 3 turns:All foes:6:52;sup:Omagatoki Adversity:1 Magatsuhi:All attacks and recovery scaled by lost HP for 1 turn:All allies:50:Tm;
phy:Axel Claw +3:20 MP:120 dmg, 2-4 hits:Multi foes:5:Innate;phy:Fang Breaker +3:12 MP:130 dmg, Tarunda:1 foe:3:Innate;fir:Fire Dracostrike +3:21 MP:200 St-based dmg:1 foe:5:Innate;pas:Inspiring Leader:Auto:Increases exp gained when lvl lower than protag:Self:1:43;fir:Fire Breath +3:21 MP:90 dmg, 2-5 hits:Multi foes:5:44;sup:Fierce Roar +1:25 MP:Taunt + Rakukaja:Self:6:45;sup:Omagatoki Adversity:1 Magatsuhi:All attacks and recovery scaled by lost HP for 1 turn:All allies:50:Tm;
phy:Axel Claw +3:20 MP:120 dmg, 2-4 hits:Multi foes:5:Innate;pas:Beast Eye:Auto:Increases accuracy:Self:1:Innate;ail:Pulinpa +2:8 MP:70% Panic:1 foe:2:35;phy:Damascus Claw +3:20 MP:90 dmg, 2-3 hits:1 foe:5:36;for:Wind Breath +2:21 MP:90 dmg, 2-5 hits:Multi foes:5:37;sup:Omagatoki Adversity:1 Magatsuhi:All attacks and recovery scaled by lost HP for 1 turn:All allies:50:Tm;
fir:Fire Breath +3:21 MP:90 dmg, 2-5 hits:Multi foes:5:Innate;pas:Inspiring Leader:Auto:Increases exp gained when lvl lower than protag:Self:1:25;phy:Scratch Dance:12 MP:85 dmg, 2-4 hits:Multi foes:3:26;sup:Rakunda:8 MP:Lower defense 1 level for 3 turns:1 foe:2:27;sup:Omagatoki Adversity:1 Magatsuhi:All attacks and recovery scaled by lost HP for 1 turn:All allies:50:Tm;
rec:Dia +1:6 MP:Slightly recover HP:1 ally:2:Innate;ele:Zio +1:9 MP:130 dmg:1 foe:2:8;phy:Gram Slice:10 MP:140 dmg, 30% crit:1 foe:2:9;sup:Omagatoki Adversity:1 Magatsuhi:All attacks and recovery scaled by lost HP for 1 turn:All allies:50:Tm;
ail:Sexy Dance +3:21 MP:45% Charm:All foes:5:Innate;ail:Tentarafoo +3:21 MP:45% Panic:All foes:5:Innate;pas:Hellish Mask:Auto:Increases ailment and instakill resistance:Self:1:Innate;for:Zanma +4:16 MP:160 dmg:1 foe:4:39;for:Wind Breath +4:20 MP:90 dmg, 2-5 hits:Multi foes:5:40;sup:Estoma:35 MP:Prevent encounters until the next new moon:Self:7:41;sup:Omagatoki Sincerity:1 Magatsuhi:Forgives 2 failures during negotiation for 1 turn:All allies:50:Tm;
fir:Agilao +2:17 MP:160 dmg:1 foe:4:Innate;fir:Maragi +2:13 MP:95 dmg:All foes:3:Innate;sup:Matarunda +1:25 MP:Lower attack 1 level for 3 turns:All foes:6:32;pas:Light Mana Aid:Auto:Recover a little MP after battle:Self:1:33;rec:Media +1:25 MP:Slightly recover HP:All allies:6:34;sup:Omagatoki Sincerity:1 Magatsuhi:Forgives 2 failures during negotiation for 1 turn:All allies:50:Tm;
ice:Bufula +4:16 MP:160 dmg:1 foe:4:Innate;ice:Mabufu +4:12 MP:95 dmg:All foes:3:Innate;sup:Tarukaja +3:6 MP:Raise attack 1 level for 3 turns:1 ally:2:Innate;oth:Trafuri:6 MP:Guaranteed escape from normal battle:Self:2:27;sup:Tarunda +3:6 MP:Lower attack 1 level for 3 turns:1 foe:2:28;sup:Ice Block +3:30 MP:Nullify next ice attack:All allies:8:29;sup:Omagatoki Sincerity:1 Magatsuhi:Forgives 2 failures during negotiation for 1 turn:All allies:50:Tm;
ice:Bufula +2:17 MP:160 dmg:1 foe:4:Innate;rec:Harvest Dance +3:22 MP:Slightly recover HP + Rakukaja x2:All allies:99:Innate;rec:Patra +3:6 MP:Cure ailments:1 ally:2:22;ice:Mabufu +2:13 MP:95 dmg:All foes:3:23;sup:Rakunda +2:6 MP:Lower defense 1 level for 3 turns:1 foe:2:24;sup:Omagatoki Sincerity:1 Magatsuhi:Forgives 2 failures during negotiation for 1 turn:All allies:50:Tm;
for:Mazan +3:12 MP:95 dmg:All foes:3:Innate;for:Zan +3:8 MP:130 dmg:1 foe:2:18;ail:Makajama +2:8 MP:65% Seal:1 foe:2:19;sup:Omagatoki Sincerity:1 Magatsuhi:Forgives 2 failures during negotiation for 1 turn:All allies:50:Tm;
ele:Mazio +2:13 MP:95 dmg:All foes:3:Innate;sup:Tarukaja +1:6 MP:Raise attack 1 level for 3 turns:1 ally:2:14;phy:Bouncing Claw +1:10 MP:65 dmg, 1-3 hits:1 foe:3:15;sup:Omagatoki Sincerity:1 Magatsuhi:Forgives 2 failures during negotiation for 1 turn:All allies:50:Tm;
for:Zan +2:8 MP:130 dmg:1 foe:2:Innate;ail:Dormina +1:9 MP:80% Sleep:1 foe:2:7;rec:Dia +1:6 MP:Slightly recover HP:1 ally:2:8;sup:Omagatoki Sincerity:1 Magatsuhi:Forgives 2 failures during negotiation for 1 turn:All allies:50:Tm;
dar:Die For Me! +5:26 MP:120 dmg, 2-5 hits, 30% instakill when weak to dark:Multi foes:99:Innate;dar:Mudoon +5:18 MP:175 dmg, 40% instakill when weak to dark:1 foe:5:Innate;alm:Spirit Drain:5 MP:100 dmg, Absorbs MP:1 foe:1:Innate;ail:Lullaby +3:21 MP:55% Sleep:All foes:5:Innate;pas:Dark Pleroma:Auto:Dark dmg x1.2:Self:1:41;dar:Mamudoon +5:30 MP:135 dmg, 30% instakill when weak to dark:All foes:8:42;pas:Resist Light:Auto:Halves light dmg:Self:1:43;
phy:Mortal Jihad +4:24 MP:250 dmg:1 foe:6:Innate;phy:Rampage +4:28 MP:180 dmg, 2-5 hits, 50% hit:Multi foes:7:Innate;sup:Critical Aura +1:21 MP:Guaranteed crit for next St-based attack:Self:5:Innate;sup:Fierce Roar +1:25 MP:Taunt + Rakukaja:Self:6:56;pas:Critical Zealot:Auto:Increases crit dmg, decreases normal dmg:Self:1:57;pas:Phys Pleroma:Auto:Phys dmg x1.2:Self:1:58;sup:Rasetsu Feast:1 Magatsuhi:Maxes debuffs for 3 turns:All foes:50:Tm;
phy:Blight +1:18 MP:100 dmg, 2-4 hits, 35% Poison:Multi foes:4:Innate;phy:Venom Chaser +1:13 MP:160 dmg, 320 dmg against Poison:1 foe:3:Innate;dar:Black Dracostrike +1:27 MP:200 St-based dmg, 40% instakill when weak to dark:1 foe:6:Innate;pas:Hellish Mask:Auto:Increases ailment and instakill resistance:Self:1:44;oth:Trafuri:6 MP:Guaranteed escape from normal battle:Self:2:45;pas:Poison Adept:Auto:Increases effects of Poison:Self:1:46;sup:Rasetsu Feast:1 Magatsuhi:Maxes debuffs for 3 turns:All foes:50:Tm;
phy:Toxic Sting:10 MP:110 dmg, 60% Poison:1 foe:2:Innate;pas:Poison Adept:Auto:Increases effects of Poison:Self:1:Innate;dar:Mamudo +3:21 MP:105 dmg, 30% instakill when weak to dark:All foes:5:31;dar:Mudoon +3:21 MP:175 dmg, 40% instakill when weak to dark:1 foe:5:32;sup:Dark Block:40 MP:Nullify next dark attack:All allies:8:33;sup:Rasetsu Feast:1 Magatsuhi:Maxes debuffs for 3 turns:All foes:50:Tm;
phy:Counter +2:Auto:Chance to counter St-based attack with light dmg:Self:1:Innate;phy:Venom Chaser +2:13 MP:160 dmg, 320 dmg against Poison:1 foe:3:Innate;phy:Gram Slice +2:8 MP:140 dmg, 30% crit:1 foe:2:21;sup:Charge +1:8 MP:Raise dmg of next St-based attack:Self:2:22;sup:Rasetsu Feast:1 Magatsuhi:Maxes debuffs for 3 turns:All foes:50:Tm;
phy:Gram Slice +2:8 MP:140 dmg, 30% crit:1 foe:2:Innate;phy:Critical Slash +2:8 MP:160 dmg, 50% hit, 100% crit:1 foe:2:12;rec:Recarm:20 MP:Revive with half HP:1 ally:4:13;sup:Rasetsu Feast:1 Magatsuhi:Maxes debuffs for 3 turns:All foes:50:Tm;
phy:Axel Claw +1:21 MP:120 dmg, 2-4 hits:Multi foes:5:Innate;ele:Storm Dracostrike +4:20 MP:200 St-based dmg:1 foe:5:Innate;pas:Beast Eye:Auto:Increases accuracy:Self:1:Innate;ele:Mazionga +4:24 MP:120 dmg:All foes:6:50;pas:Elec Pleroma:Auto:Elec dmg x1.2:Self:1:51;phy:Eat Whole +1:18 MP:150 dmg, Absorbs HP:1 foe:4:52;phy:Twilight Wave:1 Magatsuhi:175 lvl-dependent dmg, 100% Sleep:All foes:50:Tm;
ele:Zionga +1:18 MP:160 dmg:1 foe:4:Innate;ail:Pulinpa +4:8 MP:70% Panic:1 foe:2:Innate;rec:Me Patra:30 MP:Cure ailments:All allies:6:30;phy:Needle Spray:15 MP:70 dmg, 1-4 hits, 20% crit:1 foe:3:31;sup:Elec Block:40 MP:Nullify next elec attack:All allies:8:32;phy:Twilight Wave:1 Magatsuhi:175 lvl-dependent dmg, 100% Sleep:All foes:50:Tm;
dar:Mamudo +5:18 MP:105 dmg, 30% instakill when weak to dark:All foes:5:Innate;ail:Dormina:10 MP:80% Sleep:1 foe:2:Innate;phy:Bestial Bite:5 MP:130 dmg, 200 dmg when crit:1 foe:1:25;sup:Sukunda +2:6 MP:Lower hit/evade 1 level for 3 turns:1 foe:2:26;pas:Resist Ice:Auto:Halves ice dmg:Self:1:27;phy:Twilight Wave:1 Magatsuhi:175 lvl-dependent dmg, 100% Sleep:All foes:50:Tm;
phy:Beatdown +2:13 MP:110 dmg, Dmg scales with current HP:1 foe:3:Innate;sup:Charge:10 MP:Raise dmg of next St-based attack:Self:2:15;pas:Beast Eye:Auto:Increases accuracy:Self:1:16;phy:Twilight Wave:1 Magatsuhi:175 lvl-dependent dmg, 100% Sleep:All foes:50:Tm;
phy:Hades Blast +6:43 MP:190 dmg:All foes:12:Innate;fir:Maragibarion +3:63 MP:185 dmg:All foes:15:Innate;ele:Maziobarion +3:63 MP:185 dmg:All foes:15:Innate;alm:Tandava +3:134 MP:230 dmg, Minimizes defense for 3 turns:All foes:99:Innate;phy:Yabusame Shot +6:36 MP:60 dmg, Pierce, 100% crit:All foes:10:97;pas:High Almighty Pleroma:Auto:Almighty dmg x1.4:Self:1:98;pas:Boon Boost EX:Auto:Extends buffs and debuffs cast by 2 turns:Self:1:99;
phy:Hades Blast +3:50 MP:190 dmg:All foes:12:Innate;phy:Power Punch +3:33 MP:155 dmg, Dmg scales with current HP:1 foe:8:Innate;fir:Agibarion +5:37 MP:265 dmg:1 foe:10:Innate;sup:Critical Aura:25 MP:Guaranteed crit for next St-based attack:Self:5:Innate;phy:Megaton Press +3:42 MP:260 dmg, 50% hit:All foes:10:85;pas:High Phys Pleroma:Auto:Phys dmg x1.4:Self:1:86;alm:Freikugel +3:50 MP:230 St-based dmg, 20% crit:1 foe:12:87;sup:Expand Piercing Aura:1 Magatsuhi:Raise dmg of next attack with pierce:All allies:50:Tm;
phy:Pandemonic Crush +5:52 MP:170 dmg, Rakunda:All foes:99:Innate;alm:Violent Rage +3:50 MP:150 dmg, 40% Seal:All foes:99:Innate;pas:Murderous Glee:Auto:Greatly increases crit rate:Self:1:Innate;fir:Maragidyne +4:40 MP:155 dmg:All foes:10:73;pas:Null Fire:Auto:Nullifies fire dmg:Self:1:74;phy:Brave Blade +5:33 MP:220 dmg, 30% crit:1 foe:9:75;sup:Expand Piercing Aura:1 Magatsuhi:Raise dmg of next attack with pierce:All allies:50:Tm;
fir:Agidyne:35 MP:215 dmg:1 foe:7:Innate;for:Wind Breath +4:20 MP:90 dmg, 2-5 hits:Multi foes:5:Innate;dar:Mamudoon +4:32 MP:135 dmg, 30% instakill when weak to dark:All foes:8:Innate;pas:Null Force:Auto:Nullifies force dmg:Self:1:64;pas:High Restore:Auto:Recover 20 MP when striking enemy weakness or crit:Self:1:65;for:Zanbarion +4:40 MP:265 dmg:1 foe:10:66;sup:Expand Piercing Aura:1 Magatsuhi:Raise dmg of next attack with pierce:All allies:50:Tm;
phy:Blight:20 MP:100 dmg, 2-4 hits, 35% Poison:Multi foes:4:Innate;phy:Dark Sword:25 MP:90 dmg, 2 hits, 30% Seal:1 foe:5:Innate;dar:Mudoon +3:21 MP:175 dmg, 40% instakill when weak to dark:1 foe:5:Innate;pas:Dark Pleroma:Auto:Dark dmg x1.2:Self:1:53;pas:Great Curse Siphon:Auto:Recover 20 MP when inflicting an ailment:Self:1:54;phy:Retaliate:Auto:Chance to counter St-based attack with medium dmg:Self:1:55;sup:Expand Piercing Aura:1 Magatsuhi:Raise dmg of next attack with pierce:All allies:50:Tm;
phy:Acrobat Kick +2:21 MP:80 dmg, 100% crit:1 foe:5:Innate;fir:Agilao +2:17 MP:160 dmg:1 foe:4:Innate;ail:Sexy Dance +3:21 MP:45% Charm:All foes:5:Innate;sup:Donum Magici:40 MP:Raise dmg of next Ma-based attack:1 ally:8:45;phy:Heavy Blow +2:13 MP:160 dmg, 240 dmg when crit:1 foe:3:46;phy:Hysterical Slap +2:17 MP:90 dmg, 2 hits, 170 dmg against Charm:1 foe:4:47;sup:Expand Piercing Aura:1 Magatsuhi:Raise dmg of next attack with pierce:All allies:50:Tm;
lig:Hamabarion +3:46 MP:265 dmg, 40% instakill when weak to light:1 foe:11:Innate;alm:Megidolaon +4:97 MP:190 dmg:All foes:24:Innate;ail:Slumber Vortex:35 MP:40% Sleep, Mirage:All foes:7:Innate;rec:Matriarch's Love +4:98 MP:Mediarama + Me Patra + Dekunda:All allies:99:Innate;pas:Drain Light:Auto:Drains light dmg:Self:1:94;ice:Glacial Blast +2:52 MP:150 dmg, 2-5 hits:Multi foes:12:95;sup:Luster Candy +2:120 MP:Tarukaja + Rakukaja + Sukukaja:All allies:30:96;rec:Waters of Youth:1 Magatsuhi:Full recover HP and MP:Self:50:Tm;
ele:Thunder Reign +3:50 MP:150 dmg, 2-5 hits:All foes:12:Innate;for:Killing Wind +7:44 MP:230 dmg, Pierce:1 foe:13:Innate;for:Sacrifice of Clay +7:34 MP:140 dmg, Tarunda + Rakunda:All foes:99:Innate;rec:Diarahan +3:26 MP:Fully recover HP:1 ally:7:Innate;ice:Ice Age +2:56 MP:230 dmg, Pierce:1 foe:13:90;ele:Narukami +3:54 MP:230 dmg, Pierce:1 foe:13:91;pas:Drain Phys:Auto:Drains phys dmg:Self:1:92;rec:Waters of Youth:1 Magatsuhi:Full recover HP and MP:Self:50:Tm;
fir:Raging Hellfire +5:30 MP:300 dmg:1 foe:99:Innate;ice:Raging Blizzard +5:30 MP:300 dmg:1 foe:99:Innate;ele:Raging Lightning +5:30 MP:300 dmg:1 foe:99:Innate;for:Raging Tempest +5:30 MP:300 dmg:1 foe:99:Innate;sup:Impaler's Animus +2:40 MP:Raise dmg of next attack with pierce:Self:10:88;sup:Tetrakarn +2:40 MP:Repel next phys attack:1 ally:10:89;alm:Freikugel +3:50 MP:230 St-based dmg, 20% crit:1 foe:12:90;rec:Waters of Youth:1 Magatsuhi:Full recover HP and MP:Self:50:Tm;
alm:Megidolaon +4:97 MP:190 dmg:All foes:24:Innate;rec:Mediarahan +3:112 MP:Fully recover HP:All allies:30:Innate;sup:Donum Gladi +3:30 MP:Raise dmg of next St-based attack:1 ally:8:Innate;sup:Donum Magici +3:30 MP:Raise dmg of next Ma-based attack:1 ally:8:Innate;sup:Makarakarn +3:37 MP:Repel next magic attack:1 ally:10:82;sup:Tetrakarn +3:37 MP:Repel next phys attack:1 ally:10:83;alm:Energy Drain +4:12 MP:80 dmg, Absorbs HP and MP:1 foe:3:84;rec:Waters of Youth:1 Magatsuhi:Full recover HP and MP:Self:50:Tm;
phy:Dancing Strike +2:21 MP:80 dmg, 3 hits, 30% crit:1 foe:99:Innate;for:Floral Gust +4:48 MP:150 dmg, 2-5 hits:Multi foes:12:Innate;rec:Diamrita +2:24 MP:Diarama + Patra:1 ally:6:Innate;pas:Mana Aid:Auto:Recover MP after battle:Self:1:81;for:Killing Wind +4:52 MP:230 dmg, Pierce:1 foe:13:82;pas:High Force Pleroma:Auto:Force dmg x1.4:Self:1:83;rec:Waters of Youth:1 Magatsuhi:Full recover HP and MP:Self:50:Tm;
ice:Mabufudyne +4:40 MP:155 dmg:All foes:10:Innate;dar:Mamudoon +3:33 MP:135 dmg, 30% instakill when weak to dark:All foes:8:Innate;ail:Makajamaon +1:22 MP:40% Seal:All foes:5:Innate;pas:Null Ice:Auto:Nullifies ice dmg:Self:1:68;ice:Bufubarion +4:40 MP:265 dmg:1 foe:10:69;dar:Mudobarion +3:46 MP:265 dmg, 40% instakill when weak to dark:1 foe:11:70;rec:Waters of Youth:1 Magatsuhi:Full recover HP and MP:Self:50:Tm;
ele:Ziodyne +2:30 MP:215 dmg:1 foe:7:Innate;lig:Mahamaon +3:33 MP:135 dmg, 30% instakill when weak to light:All foes:8:Innate;rec:Mediarama +2:48 MP:Moderately recover HP:All allies:12:Innate;sup:Bowl of Hygieia +2:16 MP:Raise healing of next recovery spell, 30% past max possible:Self:4:63;sup:Dekunda +2:32 MP:Remove -kunda effects:All allies:8:64;pas:Null Dark:Auto:Nullifies dark dmg:Self:1:65;rec:Waters of Youth:1 Magatsuhi:Full recover HP and MP:Self:50:Tm;
phy:Dark Sword +4:20 MP:90 dmg, 2 hits, 30% Seal:1 foe:5:Innate;fir:Maragidyne +2:43 MP:155 dmg:All foes:10:Innate;rec:Samarecarm +2:48 MP:Revive with full HP:1 ally:12:Innate;pas:Safeguard:Auto:Nullifies turn penalties when attack is dodged or resisted:Self:1:57;ail:Sexy Dance:25 MP:45% Charm:All foes:5:58;phy:Mighty Cleave +4:20 MP:240 dmg, 50% hit, 100% crit:1 foe:5:59;rec:Waters of Youth:1 Magatsuhi:Full recover HP and MP:Self:50:Tm;
ele:Zionga +4:16 MP:160 dmg:1 foe:4:Innate;rec:Samarecarm +3:45 MP:Revive with full HP:1 ally:12:Innate;sup:Elec Block +1:34 MP:Nullify next elec attack:All allies:8:Innate;rec:Me Patra +3:22 MP:Cure ailments:All allies:6:47;ele:Mazionga +4:24 MP:120 dmg:All foes:6:48;sup:Marakukaja +1:25 MP:Raise defense 1 level for 3 turns:All allies:6:49;rec:Waters of Youth:1 Magatsuhi:Full recover HP and MP:Self:50:Tm;
phy:Hysterical Slap:20 MP:90 dmg, 2 hits, 170 dmg against Charm:1 foe:4:Innate;ail:Lullaby +2:21 MP:55% Sleep:All foes:5:Innate;rec:Diarama +3:11 MP:Moderately recover HP:1 ally:3:Innate;phy:Dream Fist:20 MP:140 dmg, 450 dmg against Sleep:1 foe:4:36;rec:Recarm +3:15 MP:Revive with half HP:1 ally:4:37;dar:Mudoon +2:21 MP:175 dmg, 40% instakill when weak to dark:1 foe:5:38;rec:Waters of Youth:1 Magatsuhi:Full recover HP and MP:Self:50:Tm;
for:Zanma +2:17 MP:160 dmg:1 foe:4:Innate;sup:Tarunda +2:6 MP:Lower attack 1 level for 3 turns:1 foe:2:Innate;rec:Recarm +3:15 MP:Revive with half HP:1 ally:4:25;rec:Media +3:22 MP:Slightly recover HP:All allies:6:26;pas:Life Spring:Auto:Increase max HP:Self:1:27;rec:Waters of Youth:1 Magatsuhi:Full recover HP and MP:Self:50:Tm;
alm:Megidolaon +5:90 MP:190 dmg:All foes:24:Innate;rec:Samarecarm +2:48 MP:Revive with full HP:1 ally:12:Innate;sup:Luster Candy +2:120 MP:Tarukaja + Rakukaja + Sukukaja:All allies:30:Innate;sup:Fierce Roar +2:24 MP:Taunt + Rakukaja:Self:6:79;pas:Almighty Pleroma:Auto:Almighty dmg x1.2:Self:1:80;sup:Phys Block +2:56 MP:Nullify next phys attack:All allies:14:81;sup:Omagatoki Dance:1 Magatsuhi:All multi-hits will deal their max number of hits for 1 turn:All allies:50:Tm;
phy:Purple Smoke:25 MP:75 dmg, 3 hits, 120 dmg against Panic:1 foe:5:Innate;ice:Ice Dracostrike +4:20 MP:200 St-based dmg:1 foe:5:Innate;ele:Storm Dracostrike +2:21 MP:200 St-based dmg:1 foe:5:Innate;pas:Ice Pleroma:Auto:Ice dmg x1.2:Self:1:60;phy:Titanomachia:60 MP:150 dmg, 20% crit:All foes:12:61;pas:Murderous Glee:Auto:Greatly increases crit rate:Self:1:62;sup:Omagatoki Dance:1 Magatsuhi:All multi-hits will deal their max number of hits for 1 turn:All allies:50:Tm;
ice:Bufula +2:17 MP:160 dmg:1 foe:4:Innate;for:Wind Breath +5:18 MP:90 dmg, 2-5 hits:Multi foes:5:Innate;sup:Matarunda +1:25 MP:Lower attack 1 level for 3 turns:All foes:6:Innate;pas:Ice Pleroma:Auto:Ice dmg x1.2:Self:1:46;phy:Eat Whole:20 MP:150 dmg, Absorbs HP:1 foe:4:47;pas:Dragon Eye:Auto:Greatly increases accuracy:Self:1:48;sup:Omagatoki Dance:1 Magatsuhi:All multi-hits will deal their max number of hits for 1 turn:All allies:50:Tm;
fir:Agilao +4:16 MP:160 dmg:1 foe:4:Innate;for:Zanma +4:16 MP:160 dmg:1 foe:4:Innate;pas:Fire Pleroma:Auto:Fire dmg x1.2:Self:1:Innate;sup:Fire Block +2:32 MP:Nullify next fire attack:All allies:8:35;fir:Maragion +4:24 MP:120 dmg:All foes:6:36;pas:Resist Force:Auto:Halves force dmg:Self:1:37;sup:Omagatoki Dance:1 Magatsuhi:All multi-hits will deal their max number of hits for 1 turn:All allies:50:Tm;
ice:Ice Breath +5:18 MP:90 dmg, 2-5 hits:Multi foes:5:Innate;sup:Rakukaja +2:6 MP:Raise defense 1 level for 3 turns:1 ally:2:Innate;phy:Heavy Blow +2:13 MP:160 dmg, 240 dmg when crit:1 foe:3:24;ice:Bufula +5:15 MP:160 dmg:1 foe:4:25;sup:Critical Aura +2:20 MP:Guaranteed crit for next St-based attack:Self:5:26;sup:Omagatoki Dance:1 Magatsuhi:All multi-hits will deal their max number of hits for 1 turn:All allies:50:Tm;
phy:Hell Thrust +4:36 MP:235 dmg, Pierce:1 foe:9:Innate;phy:Power Punch +4:32 MP:155 dmg, Dmg scales with current HP:1 foe:8:Innate;ele:Maziodyne +4:40 MP:155 dmg:All foes:10:Innate;phy:Titanomachia +4:48 MP:150 dmg, 20% crit:All foes:12:67;pas:Abyssal Mask:Auto:Greatly increases ailment and instakill resistance:Self:1:68;ele:Ziobarion +4:40 MP:265 dmg:1 foe:10:69;sup:Omagatoki Pierce:1 Magatsuhi:All attacks will pierce for 1 turn:All allies:50:Tm;
phy:Deathbound +5:26 MP:150 dmg:All foes:7:Innate;phy:Puncture Punch +5:11 MP:150 dmg, Pierce:1 foe:3:Innate;fir:Agidyne +5:26 MP:215 dmg:1 foe:7:Innate;sup:Matarukaja:30 MP:Raise attack 1 level for 3 turns:All allies:6:Innate;sup:Fire Block:40 MP:Nullify next fire attack:All allies:8:59;fir:Maragidyne +5:37 MP:155 dmg:All foes:10:60;pas:Abyssal Mask:Auto:Greatly increases ailment and instakill resistance:Self:1:61;sup:Omagatoki Pierce:1 Magatsuhi:All attacks will pierce for 1 turn:All allies:50:Tm;
phy:Dark Sword +4:20 MP:90 dmg, 2 hits, 30% Seal:1 foe:5:Innate;phy:Deathbound +4:28 MP:150 dmg:All foes:7:Innate;ice:Mabufula +3:25 MP:120 dmg:All foes:6:Innate;sup:Ice Block +3:30 MP:Nullify next ice attack:All allies:8:Innate;ail:Fogna:25 MP:50% Mirage:All foes:5:52;pas:Dragon Eye:Auto:Greatly increases accuracy:Self:1:53;sup:Marakunda +3:22 MP:Lower defense 1 level for 3 turns:All foes:6:54;sup:Omagatoki Pierce:1 Magatsuhi:All attacks will pierce for 1 turn:All allies:50:Tm;
phy:Crusher Onslaught +4:16 MP:170 dmg, 50% hit:All foes:4:Innate;phy:Fang Breaker +4:12 MP:130 dmg, Tarunda:1 foe:3:Innate;for:Mazanma +4:24 MP:120 dmg:All foes:6:Innate;sup:Marakunda +3:22 MP:Lower defense 1 level for 3 turns:All foes:6:Innate;sup:Force Block +3:30 MP:Nullify next force attack:All allies:8:45;phy:Purple Smoke +4:20 MP:75 dmg, 3 hits, 120 dmg against Panic:1 foe:5:46;pas:Life Aid:Auto:Recover HP after battle:Self:1:47;sup:Omagatoki Pierce:1 Magatsuhi:All attacks will pierce for 1 turn:All allies:50:Tm;
phy:Fatal Sword +4:20 MP:180 dmg, 30% crit:1 foe:5:Innate;ele:Mazionga:30 MP:120 dmg:All foes:6:Innate;sup:Charge +1:8 MP:Raise dmg of next St-based attack:Self:2:Innate;sup:Elec Block +1:34 MP:Nullify next elec attack:All allies:8:Innate;phy:Dream Fist +4:16 MP:140 dmg, 450 dmg against Sleep:1 foe:4:37;sup:Marakukaja +1:25 MP:Raise defense 1 level for 3 turns:All allies:6:38;phy:Puncture Punch +4:12 MP:150 dmg, Pierce:1 foe:3:39;sup:Omagatoki Pierce:1 Magatsuhi:All attacks will pierce for 1 turn:All allies:50:Tm;
phy:Venom Chaser +3:12 MP:160 dmg, 320 dmg against Poison:1 foe:3:Innate;fir:Agilao +2:17 MP:160 dmg:1 foe:4:Innate;rec:Recarm +2:16 MP:Revive with half HP:1 ally:4:Innate;sup:Fire Block:40 MP:Nullify next fire attack:All allies:8:28;phy:Berserker God +3:12 MP:180 dmg:1 foe:3:29;pas:Endure:Auto:Survive fatal attack with 1 HP once per battle:Self:1:30;sup:Omagatoki Pierce:1 Magatsuhi:All attacks will pierce for 1 turn:All allies:50:Tm;
dar:Mudoon:25 MP:175 dmg, 40% instakill when weak to dark:1 foe:5:Innate;alm:Megidola +3:58 MP:160 dmg:All foes:14:Innate;sup:Tetrakarn +3:37 MP:Repel next phys attack:1 ally:10:Innate;pas:Great Life Spring:Auto:Greatly increases max HP:Self:1:63;sup:Debilitate +3:112 MP:Tarunda + Rakunda + Sukunda:All foes:30:64;pas:Boon Boost:Auto:Extends buffs and debuffs cast by 1 turn:Self:1:65;sup:Dekajaon:1 Magatsuhi:Remove all buff effects:All foes:50:Tm;
phy:Fatal Sword +2:21 MP:180 dmg, 30% crit:1 foe:5:Innate;rec:Me Patra +4:21 MP:Cure ailments:All allies:6:Innate;rec:Mediarama +4:42 MP:Moderately recover HP:All allies:12:Innate;sup:Estoma:35 MP:Prevent encounters until the next new moon:Self:7:56;lig:White Dracostrike +2:26 MP:200 St-based dmg, 40% instakill when weak to light:1 foe:6:57;sup:Phys Block:70 MP:Nullify next phys attack:All allies:14:58;sup:Dekajaon:1 Magatsuhi:Remove all buff effects:All foes:50:Tm;
rec:Mediarama +4:42 MP:Moderately recover HP:All allies:12:Innate;sup:Dekaja +1:34 MP:Remove -kaja effects:All foes:8:Innate;lig:Mahamaon +3:33 MP:135 dmg, 30% instakill when weak to light:All foes:8:50;pas:Heal Pleroma:Auto:HP recovery x1.2:Self:1:51;sup:Phys Block +1:59 MP:Nullify next phys attack:All allies:14:52;sup:Dekajaon:1 Magatsuhi:Remove all buff effects:All foes:50:Tm;
ice:Ice Dracostrike +5:18 MP:200 St-based dmg:1 foe:5:Innate;sup:Matarukaja +4:21 MP:Raise attack 1 level for 3 turns:All allies:6:Innate;sup:Marakukaja +4:21 MP:Raise defense 1 level for 3 turns:All allies:6:41;phy:Crusher Onslaught +2:17 MP:170 dmg, 50% hit:All foes:4:42;rec:Samarecarm +1:51 MP:Revive with full HP:1 ally:12:43;sup:Dekajaon:1 Magatsuhi:Remove all buff effects:All foes:50:Tm;
phy:Fatal Sword +2:21 MP:180 dmg, 30% crit:1 foe:5:Innate;ice:Eternal Blizzard +4:40 MP:90 dmg, 3-6 hits:Multi foes:99:Innate;sup:Matarukaja +3:22 MP:Raise attack 1 level for 3 turns:All allies:6:Innate;pas:Hellish Mask:Auto:Increases ailment and instakill resistance:Self:1:38;phy:Blight +2:17 MP:100 dmg, 2-4 hits, 35% Poison:Multi foes:4:39;sup:Charge +3:7 MP:Raise dmg of next St-based attack:Self:2:40;sup:Dekajaon:1 Magatsuhi:Remove all buff effects:All foes:50:Tm;
phy:Lunge +2:4 MP:145 dmg:1 foe:1:Innate;ele:Shockbound +2:21 MP:90 dmg, 2-5 hits:Multi foes:5:Innate;sup:Charge:10 MP:Raise dmg of next St-based attack:Self:2:20;ele:Zionga +2:17 MP:160 dmg:1 foe:4:21;phy:Counter +2:Auto:Chance to counter St-based attack with light dmg:Self:1:22;sup:Dekajaon:1 Magatsuhi:Remove all buff effects:All foes:50:Tm;
phy:Figment Slash +4:40 MP:300 dmg, 50% hit, 100% crit:1 foe:10:Innate;phy:Hell Thrust +4:36 MP:235 dmg, Pierce:1 foe:9:Innate;dar:Black Dracostrike +2:26 MP:200 St-based dmg, 40% instakill when weak to dark:1 foe:6:Innate;fir:Maragibarion +3:63 MP:185 dmg:All foes:15:77;pas:Murderous Glee:Auto:Greatly increases crit rate:Self:1:78;phy:Catastrophe +4:60 MP:290 dmg:1 foe:15:79;sup:Omagatoki Free:1 Magatsuhi:All attacks will cost 1 MP for 1 turn:All allies:50:Tm;
phy:Nihil Claw +3:30 MP:125 dmg, 2-3 hits:1 foe:8:Innate;phy:Steel Needle +3:21 MP:75 dmg, 1-4 hits, 20% crit:1 foe:5:Innate;for:Wind Breath +3:21 MP:90 dmg, 2-5 hits:Multi foes:5:Innate;phy:Frenzied Chomp +3:21 MP:165 dmg, 25% Poison, Panic, Charm:1 foe:5:71;rec:Samarecarm +1:51 MP:Revive with full HP:1 ally:12:72;for:Zanbarion +3:42 MP:265 dmg:1 foe:10:73;sup:Omagatoki Free:1 Magatsuhi:All attacks will cost 1 MP for 1 turn:All allies:50:Tm;
ice:Mabufudyne +4:40 MP:155 dmg:All foes:10:Innate;lig:Hamaon +3:21 MP:175 dmg, 40% instakill when weak to light:1 foe:5:Innate;ail:Slumber Vortex +1:31 MP:40% Sleep, Mirage:All foes:7:Innate;pas:Mana Aid:Auto:Recover MP after battle:Self:1:65;pas:Null Ice:Auto:Nullifies ice dmg:Self:1:66;ice:Bufubarion +4:40 MP:265 dmg:1 foe:10:67;sup:Omagatoki Free:1 Magatsuhi:All attacks will cost 1 MP for 1 turn:All allies:50:Tm;
ail:Makajamaon +5:18 MP:40% Seal:All foes:5:Innate;sup:Donum Magici +4:28 MP:Raise dmg of next Ma-based attack:1 ally:8:Innate;sup:Masukukaja +4:21 MP:Raise hit/evade 1 level for 3 turns:All allies:6:Innate;sup:Matarukaja +4:21 MP:Raise attack 1 level for 3 turns:All allies:6:Innate;pas:Boon Boost:Auto:Extends buffs and debuffs cast by 1 turn:Self:1:59;pas:Great Curse Siphon:Auto:Recover 20 MP when inflicting an ailment:Self:1:60;pas:Null Elec:Auto:Nullifies elec dmg:Self:1:62;sup:Omagatoki Free:1 Magatsuhi:All attacks will cost 1 MP for 1 turn:All allies:50:Tm;
ail:Lullaby +1:22 MP:55% Sleep:All foes:5:Innate;rec:Mediarama +3:45 MP:Moderately recover HP:All allies:12:Innate;sup:Makarakarn +2:40 MP:Repel next magic attack:1 ally:10:Innate;rec:Diamrita +3:22 MP:Diarama + Patra:1 ally:6:53;sup:Bowl of Hygieia +2:16 MP:Raise healing of next recovery spell, 30% past max possible:Self:4:54;pas:Heal Pleroma:Auto:HP recovery x1.2:Self:1:55;sup:Omagatoki Free:1 Magatsuhi:All attacks will cost 1 MP for 1 turn:All allies:50:Tm;
phy:Dark Sword +2:21 MP:90 dmg, 2 hits, 30% Seal:1 foe:5:Innate;phy:Fatal Sword +2:21 MP:180 dmg, 30% crit:1 foe:5:Innate;fir:Maragion +3:25 MP:120 dmg:All foes:6:47;fir:Fire Dracostrike +3:21 MP:200 St-based dmg:1 foe:5:48;pas:Bloody Glee:Auto:Increases crit rate:Self:1:49;sup:Omagatoki Free:1 Magatsuhi:All attacks will cost 1 MP for 1 turn:All allies:50:Tm;
ele:Zionga +3:16 MP:160 dmg:1 foe:4:Innate;alm:Life Drain:10 MP:120 dmg, Absorbs HP:1 foe:2:Innate;ail:Makajama +3:8 MP:65% Seal:1 foe:2:Innate;pas:Resist Dark:Auto:Halves dark dmg:Self:1:37;phy:Steel Needle:25 MP:75 dmg, 1-4 hits, 20% crit:1 foe:5:38;dar:Mudoon +2:21 MP:175 dmg, 40% instakill when weak to dark:1 foe:5:39;sup:Omagatoki Free:1 Magatsuhi:All attacks will cost 1 MP for 1 turn:All allies:50:Tm;
phy:Counter +2:Auto:Chance to counter St-based attack with light dmg:Self:1:Innate;phy:Venom Chaser +2:13 MP:160 dmg, 320 dmg against Poison:1 foe:3:Innate;phy:Pierce Armor +2:13 MP:130 dmg, Rakunda:1 foe:3:31;pas:Resist Dark:Auto:Halves dark dmg:Self:1:32;for:Zanma +2:17 MP:160 dmg:1 foe:4:33;sup:Omagatoki Free:1 Magatsuhi:All attacks will cost 1 MP for 1 turn:All allies:50:Tm;
for:Zanma +2:17 MP:160 dmg:1 foe:4:Innate;alm:Sanguine Drain:15 MP:120 dmg, Absorbs HP, Tarunda:1 foe:99:Innate;dar:Mamudo +3:21 MP:105 dmg, 30% instakill when weak to dark:All foes:5:26;ail:Toxic Spray +2:13 MP:Poisma + Rakunda:1 foe:3:27;sup:Concentrate:10 MP:Raise dmg of next Ma-based attack:Self:2:28;sup:Omagatoki Free:1 Magatsuhi:All attacks will cost 1 MP for 1 turn:All allies:50:Tm;
dar:Mudo +3:12 MP:140 dmg, 40% instakill when weak to dark:1 foe:3:Innate;ail:Marin Karin +3:8 MP:70% Charm:1 foe:2:Innate;pas:Curse Siphon:Auto:Recover 10 MP when inflicting an ailment:Self:1:Innate;rec:Media +2:24 MP:Slightly recover HP:All allies:6:18;dar:Mamudo +3:21 MP:105 dmg, 30% instakill when weak to dark:All foes:5:19;sup:Omagatoki Free:1 Magatsuhi:All attacks will cost 1 MP for 1 turn:All allies:50:Tm;
ice:Stormcaller Song +3:15 MP:60 dmg, 3-6 hits:Multi foes:99:Innate;ail:Dormina +3:8 MP:80% Sleep:1 foe:2:13;ail:Marin Karin +3:8 MP:70% Charm:1 foe:2:14;sup:Rakukaja +2:6 MP:Raise defense 1 level for 3 turns:1 ally:2:15;sup:Omagatoki Free:1 Magatsuhi:All attacks will cost 1 MP for 1 turn:All allies:50:Tm;
phy:Mist Rush +5:26 MP:120 dmg, 2-4 hits, 35% Mirage:Multi foes:7:Innate;alm:Megidolaon +3:100 MP:190 dmg:All foes:24:Innate;ail:Slumber Vortex +4:28 MP:40% Sleep, Mirage:All foes:7:Innate;pas:Dragon Eye:Auto:Greatly increases accuracy:Self:1:Innate;sup:Impaler's Animus:50 MP:Raise dmg of next attack with pierce:Self:10:79;phy:Nihil Claw +5:27 MP:125 dmg, 2-3 hits:1 foe:8:80;pas:Null Phys:Auto:Nullifies phys dmg:Self:1:81;sup:Expand Critical Aura:1 Magatsuhi:Guaranteed crit for next St-based attack:All allies:50:Tm;
phy:Titanomachia +2:52 MP:150 dmg, 20% crit:All foes:12:Innate;for:Zandyne +5:26 MP:215 dmg:1 foe:7:Innate;pas:Force Pleroma:Auto:Force dmg x1.2:Self:1:Innate;sup:Masukunda +1:25 MP:Lower hit/evade 1 level for 3 turns:All foes:6:64;sup:Impaler's Animus +1:42 MP:Raise dmg of next attack with pierce:Self:10:65;pas:Murderous Glee:Auto:Greatly increases crit rate:Self:1:66;sup:Expand Critical Aura:1 Magatsuhi:Guaranteed crit for next St-based attack:All allies:50:Tm;
phy:Fang Breaker +2:13 MP:130 dmg, Tarunda:1 foe:3:Innate;ice:Ice Dracostrike +4:20 MP:200 St-based dmg:1 foe:5:Innate;sup:Marakukaja +1:25 MP:Raise defense 1 level for 3 turns:All allies:6:Innate;sup:Donum Gladi +1:34 MP:Raise dmg of next St-based attack:1 ally:8:57;phy:Deathbound +2:30 MP:150 dmg:All foes:7:58;ice:Mabufudyne +4:40 MP:155 dmg:All foes:10:59;sup:Expand Critical Aura:1 Magatsuhi:Guaranteed crit for next St-based attack:All allies:50:Tm;
phy:Berserker God +4:12 MP:180 dmg:1 foe:3:Innate;phy:Deathbound +4:28 MP:150 dmg:All foes:7:Innate;phy:Retaliate +4:Auto:Chance to counter St-based attack with medium dmg:Self:1:Innate;ele:Shockbound +2:21 MP:90 dmg, 2-5 hits:Multi foes:5:50;pas:Endure:Auto:Survive fatal attack with 1 HP once per battle:Self:1:51;phy:Rampage +4:28 MP:180 dmg, 2-5 hits, 50% hit:Multi foes:7:52;sup:Expand Critical Aura:1 Magatsuhi:Guaranteed crit for next St-based attack:All allies:50:Tm;
lig:Hama +2:13 MP:140 dmg, 40% instakill when weak to light:1 foe:3:Innate;dar:Mudo +2:13 MP:140 dmg, 40% instakill when weak to dark:1 foe:3:Innate;ail:Makajama +1:9 MP:65% Seal:1 foe:2:30;lig:Mahama +2:21 MP:105 dmg, 30% instakill when weak to light:All foes:5:31;sup:Estoma:35 MP:Prevent encounters until the next new moon:Self:7:32;sup:Expand Critical Aura:1 Magatsuhi:Guaranteed crit for next St-based attack:All allies:50:Tm;
phy:Crusher Onslaught +3:16 MP:170 dmg, 50% hit:All foes:4:Innate;phy:Heavy Blow +3:12 MP:160 dmg, 240 dmg when crit:1 foe:3:Innate;sup:Taunt:10 MP:Raise chance of being targeted:Self:2:24;phy:Fang Breaker +3:12 MP:130 dmg, Tarunda:1 foe:3:25;sup:Expand Critical Aura:1 Magatsuhi:Guaranteed crit for next St-based attack:All allies:50:Tm;
phy:Beatdown +2:13 MP:110 dmg, Dmg scales with current HP:1 foe:3:Innate;phy:Heat Wave +2:13 MP:100 dmg:All foes:3:Innate;sup:Taunt +2:8 MP:Raise chance of being targeted:Self:2:18;sup:Tarukaja +2:6 MP:Raise attack 1 level for 3 turns:1 ally:2:19;sup:Expand Critical Aura:1 Magatsuhi:Guaranteed crit for next St-based attack:All allies:50:Tm;
ice:Bufu +2:8 MP:130 dmg:1 foe:2:Innate;phy:Scratch Dance:12 MP:85 dmg, 2-4 hits:Multi foes:3:12;ice:Mabufu +2:13 MP:95 dmg:All foes:3:13;sup:Expand Critical Aura:1 Magatsuhi:Guaranteed crit for next St-based attack:All allies:50:Tm;
phy:Hellish Slash +2:4 MP:55 dmg, 4 hits, 50% hit:1 foe:99:Innate;fir:Agi +2:8 MP:130 dmg:1 foe:2:8;dar:Mudo +2:13 MP:140 dmg, 40% instakill when weak to dark:1 foe:3:9;sup:Tarukaja:8 MP:Raise attack 1 level for 3 turns:1 ally:2:10;sup:Expand Critical Aura:1 Magatsuhi:Guaranteed crit for next St-based attack:All allies:50:Tm;
phy:Akashic Arts:50 MP:275 dmg, 350 dmg when crit:1 foe:10:Innate;for:Mazanbarion +2:65 MP:185 dmg:All foes:15:Innate;dar:Fallen Destroyer +7:48 MP:250 dmg, 50% instakill when weak to dark:All foes:99:Innate;dar:Mudobarion +7:37 MP:265 dmg, 40% instakill when weak to dark:1 foe:11:Innate;ice:Glacial Blast +4:48 MP:150 dmg, 2-5 hits:Multi foes:12:90;pas:Repel Phys:Auto:Repels phys dmg:Self:1:91;pas:High Dark Pleroma:Auto:Dark dmg x1.4:Self:1:92;sup:Omagatoki Doubler:1 Magatsuhi:Doubles the effect of buffs and debuffs cast during same turn:All allies:50:Tm;
phy:Power Punch +1:36 MP:155 dmg, Dmg scales with current HP:1 foe:8:Innate;fir:Agibarion +6:36 MP:265 dmg:1 foe:10:Innate;fir:Hellish Brand +6:50 MP:160 dmg, Dekaja:All foes:99:Innate;dar:Mudobarion +2:47 MP:265 dmg, 40% instakill when weak to dark:1 foe:11:Innate;pas:Null Fire:Auto:Nullifies fire dmg:Self:1:72;phy:Catastrophe +1:67 MP:290 dmg:1 foe:15:73;pas:High Fire Pleroma:Auto:Fire dmg x1.4:Self:1:74;sup:Omagatoki Doubler:1 Magatsuhi:Doubles the effect of buffs and debuffs cast during same turn:All allies:50:Tm;
dar:Mamudoon +4:32 MP:135 dmg, 30% instakill when weak to dark:All foes:8:Innate;alm:Megidola +2:60 MP:160 dmg:All foes:14:Innate;pas:Null Light:Auto:Nullifies light dmg:Self:1:68;alm:Energy Drain +2:13 MP:80 dmg, Absorbs HP and MP:1 foe:3:69;pas:Almighty Pleroma:Auto:Almighty dmg x1.2:Self:1:70;sup:Omagatoki Doubler:1 Magatsuhi:Doubles the effect of buffs and debuffs cast during same turn:All allies:50:Tm;
fir:Agidyne +2:30 MP:215 dmg:1 foe:7:Innate;sup:Tetrakarn:50 MP:Repel next phys attack:1 ally:10:Innate;alm:Megidola +2:60 MP:160 dmg:All foes:14:56;oth:Trafuri:6 MP:Guaranteed escape from normal battle:Self:2:57;dar:Mamudoon +3:33 MP:135 dmg, 30% instakill when weak to dark:All foes:8:58;sup:Omagatoki Doubler:1 Magatsuhi:Doubles the effect of buffs and debuffs cast during same turn:All allies:50:Tm;
phy:Damascus Claw +2:20 MP:90 dmg, 2-3 hits:1 foe:5:Innate;dar:Black Dracostrike +2:26 MP:200 St-based dmg, 40% instakill when weak to dark:1 foe:6:Innate;pas:Restore:Auto:Recover 10 MP when striking enemy weakness or crit:Self:1:Innate;fir:Agidyne +4:28 MP:215 dmg:1 foe:7:51;sup:Critical Aura:25 MP:Guaranteed crit for next St-based attack:Self:5:52;phy:Severing Bite +2:21 MP:190 dmg, 300 dmg when crit:1 foe:5:53;sup:Omagatoki Doubler:1 Magatsuhi:Doubles the effect of buffs and debuffs cast during same turn:All allies:50:Tm;
phy:Critical Slash +3:8 MP:160 dmg, 50% hit, 100% crit:1 foe:2:Innate;phy:Critical Wave +3:21 MP:90 dmg, 20% crit:All foes:5:Innate;pas:Beast Eye:Auto:Increases accuracy:Self:1:Innate;sup:Charge +3:7 MP:Raise dmg of next St-based attack:Self:2:45;phy:Blinding Strike +3:12 MP:130 dmg, Sukunda:1 foe:3:46;ice:Ice Dracostrike:25 MP:200 St-based dmg:1 foe:5:47;sup:Omagatoki Doubler:1 Magatsuhi:Doubles the effect of buffs and debuffs cast during same turn:All allies:50:Tm;
phy:Blight +3:16 MP:100 dmg, 2-4 hits, 35% Poison:Multi foes:4:Innate;phy:Dark Sword +3:21 MP:90 dmg, 2 hits, 30% Seal:1 foe:5:Innate;fir:Agilao +2:17 MP:160 dmg:1 foe:4:38;pas:Restore:Auto:Recover 10 MP when striking enemy weakness or crit:Self:1:39;sup:Masukukaja +1:25 MP:Raise hit/evade 1 level for 3 turns:All allies:6:40;sup:Omagatoki Doubler:1 Magatsuhi:Doubles the effect of buffs and debuffs cast during same turn:All allies:50:Tm;
ice:Ice Breath +4:20 MP:90 dmg, 2-5 hits:Multi foes:5:Innate;ice:Mabufula +4:24 MP:120 dmg:All foes:6:Innate;sup:Marakunda +2:24 MP:Lower defense 1 level for 3 turns:All foes:6:Innate;ail:Fogna +2:21 MP:50% Mirage:All foes:5:32;sup:Ice Block +2:32 MP:Nullify next ice attack:All allies:8:33;pas:Mana Spring:Auto:Increase max MP:Self:1:34;sup:Omagatoki Doubler:1 Magatsuhi:Doubles the effect of buffs and debuffs cast during same turn:All allies:50:Tm;
phy:Pierce Armor +2:13 MP:130 dmg, Rakunda:1 foe:3:Innate;pas:Bloody Glee:Auto:Increases crit rate:Self:1:Innate;phy:Critical Slash +2:8 MP:160 dmg, 50% hit, 100% crit:1 foe:2:25;fir:Agilao +2:17 MP:160 dmg:1 foe:4:26;phy:Critical Wave +2:21 MP:90 dmg, 20% crit:All foes:5:27;sup:Omagatoki Doubler:1 Magatsuhi:Doubles the effect of buffs and debuffs cast during same turn:All allies:50:Tm;
ail:Poisma +1:9 MP:85% Poison:1 foe:2:Innate;sup:Sukukaja +2:6 MP:Raise hit/evade 1 level for 3 turns:1 ally:2:Innate;phy:Critical Wave:25 MP:90 dmg, 20% crit:All foes:5:19;phy:Bouncing Claw:12 MP:65 dmg, 1-3 hits:1 foe:3:20;for:Zanma +2:17 MP:160 dmg:1 foe:4:21;sup:Omagatoki Doubler:1 Magatsuhi:Doubles the effect of buffs and debuffs cast during same turn:All allies:50:Tm;
ele:Ziobarion +4:40 MP:265 dmg:1 foe:10:Innate;alm:Megidola +2:60 MP:160 dmg:All foes:14:Innate;ail:Slumber Vortex +3:29 MP:40% Sleep, Mirage:All foes:7:Innate;pas:Null Elec:Auto:Nullifies elec dmg:Self:1:69;pas:Almighty Pleroma:Auto:Almighty dmg x1.2:Self:1:70;alm:Energy Drain +2:13 MP:80 dmg, Absorbs HP and MP:1 foe:3:71;alm:Soul Drain:1 Magatsuhi:175 lvl-dependent dmg, Absorbs HP and MP:1 foe:50:Tm;
fir:Agidyne +3:29 MP:215 dmg:1 foe:7:Innate;for:Mazandyne +2:43 MP:155 dmg:All foes:10:Innate;ail:Fogna +3:21 MP:50% Mirage:All foes:5:Innate;pas:Resist Fire:Auto:Halves fire dmg:Self:1:57;alm:Spirit Drain:5 MP:100 dmg, Absorbs MP:1 foe:1:58;pas:High Restore:Auto:Recover 20 MP when striking enemy weakness or crit:Self:1:59;alm:Soul Drain:1 Magatsuhi:175 lvl-dependent dmg, Absorbs HP and MP:1 foe:50:Tm;
dar:Mamudoon +3:33 MP:135 dmg, 30% instakill when weak to dark:All foes:8:Innate;ail:Makajamaon +1:22 MP:40% Seal:All foes:5:Innate;sup:Makarakarn +2:40 MP:Repel next magic attack:1 ally:10:46;sup:Masukukaja +2:24 MP:Raise hit/evade 1 level for 3 turns:All allies:6:47;pas:Hellish Mask:Auto:Increases ailment and instakill resistance:Self:1:48;alm:Soul Drain:1 Magatsuhi:175 lvl-dependent dmg, Absorbs HP and MP:1 foe:50:Tm;
ice:Ice Dracostrike +3:21 MP:200 St-based dmg:1 foe:5:Innate;ice:Mabufula +3:25 MP:120 dmg:All foes:6:Innate;dar:Black Dracostrike +4:24 MP:200 St-based dmg, 40% instakill when weak to dark:1 foe:6:Innate;sup:Matarunda:30 MP:Lower attack 1 level for 3 turns:All foes:6:Innate;pas:Endure:Auto:Survive fatal attack with 1 HP once per battle:Self:1:45;phy:Blinding Strike:15 MP:130 dmg, Sukunda:1 foe:3:46;sup:Dark Block:40 MP:Nullify next dark attack:All allies:8:47;alm:Soul Drain:1 Magatsuhi:175 lvl-dependent dmg, Absorbs HP and MP:1 foe:50:Tm;
ice:Bufula +4:16 MP:160 dmg:1 foe:4:Innate;alm:Spirit Drain:5 MP:100 dmg, Absorbs MP:1 foe:1:Innate;sup:Masukunda +1:25 MP:Lower hit/evade 1 level for 3 turns:All foes:6:Innate;ail:Sexy Dance +4:20 MP:45% Charm:All foes:5:39;sup:Donum Magici +1:34 MP:Raise dmg of next Ma-based attack:1 ally:8:40;pas:Great Curse Siphon:Auto:Recover 20 MP when inflicting an ailment:Self:1:41;alm:Soul Drain:1 Magatsuhi:175 lvl-dependent dmg, Absorbs HP and MP:1 foe:50:Tm;
ele:Mazionga +3:25 MP:120 dmg:All foes:6:Innate;ail:Marin Karin +2:8 MP:70% Charm:1 foe:2:Innate;ele:Zionga +3:16 MP:160 dmg:1 foe:4:33;pas:Resist Dark:Auto:Halves dark dmg:Self:1:34;alm:Spirit Drain:5 MP:100 dmg, Absorbs MP:1 foe:1:35;alm:Soul Drain:1 Magatsuhi:175 lvl-dependent dmg, Absorbs HP and MP:1 foe:50:Tm;
phy:Dream Needle:10 MP:110 dmg, 55% Sleep:1 foe:2:Innate;ail:Marin Karin +5:7 MP:70% Charm:1 foe:2:Innate;alm:Life Drain:10 MP:120 dmg, Absorbs HP:1 foe:2:23;for:Zanma +1:18 MP:160 dmg:1 foe:4:24;phy:Madness Needle:10 MP:110 dmg, 45% Panic:1 foe:2:25;alm:Soul Drain:1 Magatsuhi:175 lvl-dependent dmg, Absorbs HP and MP:1 foe:50:Tm;
ail:Dustoma +2:8 MP:75% Mirage:1 foe:2:Innate;ail:Pulinpa +2:8 MP:70% Panic:1 foe:2:Innate;ele:Zio +2:8 MP:130 dmg:1 foe:2:17;oth:Trafuri:6 MP:Guaranteed escape from normal battle:Self:2:18;alm:Soul Drain:1 Magatsuhi:175 lvl-dependent dmg, Absorbs HP and MP:1 foe:50:Tm;
phy:Dream Needle +1:9 MP:110 dmg, 55% Sleep:1 foe:2:Innate;ice:Bufu:10 MP:130 dmg:1 foe:2:9;for:Zan +1:9 MP:130 dmg:1 foe:2:10;for:Mazan +1:13 MP:95 dmg:All foes:3:11;alm:Soul Drain:1 Magatsuhi:175 lvl-dependent dmg, Absorbs HP and MP:1 foe:50:Tm;
phy:Titanomachia +4:48 MP:150 dmg, 20% crit:All foes:12:Innate;fir:Fire Dracostrike +3:21 MP:200 St-based dmg:1 foe:5:Innate;pas:Dragon Eye:Auto:Greatly increases accuracy:Self:1:Innate;phy:Catastrophe +4:60 MP:290 dmg:1 foe:15:73;pas:Great Life Spring:Auto:Greatly increases max HP:Self:1:74;pas:Phys Pleroma:Auto:Phys dmg x1.2:Self:1:75;sup:Omagatoki Dance:1 Magatsuhi:All multi-hits will deal their max number of hits for 1 turn:All allies:50:Tm;
ice:Bufudyne +3:29 MP:215 dmg:1 foe:7:Innate;ele:Ziodyne +2:30 MP:215 dmg:1 foe:7:Innate;rec:Diarahan +1:29 MP:Fully recover HP:1 ally:7:Innate;sup:Dekaja +1:34 MP:Remove -kaja effects:All foes:8:Innate;pas:Resist Ice:Auto:Halves ice dmg:Self:1:51;sup:Ice Block +1:34 MP:Nullify next ice attack:All allies:8:52;pas:Great Mana Spring:Auto:Greatly increases max MP:Self:1:53;sup:Omagatoki Dance:1 Magatsuhi:All multi-hits will deal their max number of hits for 1 turn:All allies:50:Tm;
ice:Ice Breath +1:22 MP:90 dmg, 2-5 hits:Multi foes:5:Innate;ele:Shockbound +3:21 MP:90 dmg, 2-5 hits:Multi foes:5:Innate;pas:Elec Pleroma:Auto:Elec dmg x1.2:Self:1:Innate;phy:Critical Slash +3:8 MP:160 dmg, 50% hit, 100% crit:1 foe:2:41;phy:Pierce Armor +3:12 MP:130 dmg, Rakunda:1 foe:3:42;ele:Storm Dracostrike +3:21 MP:200 St-based dmg:1 foe:5:43;sup:Omagatoki Dance:1 Magatsuhi:All multi-hits will deal their max number of hits for 1 turn:All allies:50:Tm;
phy:Heat Wave +2:13 MP:100 dmg:All foes:3:Innate;phy:Puncture Punch +2:13 MP:150 dmg, Pierce:1 foe:3:Innate;pas:Resist Fire:Auto:Halves fire dmg:Self:1:28;ele:Zionga +1:18 MP:160 dmg:1 foe:4:29;sup:Charge +1:8 MP:Raise dmg of next St-based attack:Self:2:30;sup:Omagatoki Dance:1 Magatsuhi:All multi-hits will deal their max number of hits for 1 turn:All allies:50:Tm;
ele:Thunder Reign +4:48 MP:150 dmg, 2-5 hits:All foes:12:Innate;dar:Death Flies +6:86 MP:320 dmg, 60% instakill when weak to dark:All foes:99:Innate;dar:Mudobarion +6:39 MP:265 dmg, 40% instakill when weak to dark:1 foe:11:Innate;sup:Debilitate +2:120 MP:Tarunda + Rakunda + Sukunda:All foes:30:Innate;ice:Ice Age +2:56 MP:230 dmg, Pierce:1 foe:13:96;pas:Drain Dark:Auto:Drains dark dmg:Self:1:97;pas:Boon Boost EX:Auto:Extends buffs and debuffs cast by 2 turns:Self:1:98;sup:Omagatoki Savage:1 Magatsuhi:All skill dmg and costs doubled for 1 turn:All allies:50:Tm;
phy:Hell Thrust +3:37 MP:235 dmg, Pierce:1 foe:9:Innate;fir:Maragibarion +6:54 MP:185 dmg:All foes:15:Innate;dar:Mamudobarion +2:69 MP:185 dmg, 30% instakill when weak to dark:All foes:16:Innate;dar:Mudobarion +2:47 MP:265 dmg, 40% instakill when weak to dark:1 foe:11:Innate;phy:Myriad Slashes +3:46 MP:80 dmg, 5 hits, 50% hit:1 foe:11:93;fir:Ragnarok +6:43 MP:150 dmg, 2-5 hits:Multi foes:12:94;pas:Drain Fire:Auto:Drains fire dmg:Self:1:95;sup:Omagatoki Savage:1 Magatsuhi:All skill dmg and costs doubled for 1 turn:All allies:50:Tm;
phy:Yabusame Shot +4:40 MP:60 dmg, Pierce, 100% crit:All foes:10:Innate;ice:Glacial Blast +4:48 MP:150 dmg, 2-5 hits:Multi foes:12:Innate;for:Mazanbarion +2:65 MP:185 dmg:All foes:15:Innate;pas:High Phys Pleroma:Auto:Phys dmg x1.4:Self:1:Innate;phy:Catastrophe +4:60 MP:290 dmg:1 foe:15:88;phy:Myriad Slashes +4:44 MP:80 dmg, 5 hits, 50% hit:1 foe:11:89;pas:Drain Ice:Auto:Drains ice dmg:Self:1:90;sup:Omagatoki Savage:1 Magatsuhi:All skill dmg and costs doubled for 1 turn:All allies:50:Tm;
phy:Madness Nails +2:31 MP:165 dmg, 2-4 hits:Multi foes:8:Innate;phy:Nihil Claw +2:31 MP:125 dmg, 2-3 hits:1 foe:8:Innate;fir:Megido Flame +6:93 MP:250 dmg, Pierce:All foes:99:Innate;pas:Abyssal Mask:Auto:Greatly increases ailment and instakill resistance:Self:1:Innate;pas:Great Life Spring:Auto:Greatly increases max HP:Self:1:83;sup:Debilitate +4:105 MP:Tarunda + Rakunda + Sukunda:All foes:30:84;fir:Trisagion +6:46 MP:230 dmg, Pierce:1 foe:13:85;sup:Omagatoki Savage:1 Magatsuhi:All skill dmg and costs doubled for 1 turn:All allies:50:Tm;
phy:Rampage +1:31 MP:180 dmg, 2-5 hits, 50% hit:Multi foes:7:Innate;fir:Maragibarion +5:56 MP:185 dmg:All foes:15:Innate;lig:Hamabarion +3:46 MP:265 dmg, 40% instakill when weak to light:1 foe:11:Innate;sup:Dekaja +1:34 MP:Remove -kaja effects:All foes:8:Innate;sup:Dekunda +1:34 MP:Remove -kunda effects:All allies:8:78;fir:Ragnarok +5:45 MP:150 dmg, 2-5 hits:Multi foes:12:79;pas:High Fire Pleroma:Auto:Fire dmg x1.4:Self:1:80;sup:Omagatoki Savage:1 Magatsuhi:All skill dmg and costs doubled for 1 turn:All allies:50:Tm;
phy:Hades Blast +2:52 MP:190 dmg:All foes:12:Innate;phy:Hell Thrust +2:39 MP:235 dmg, Pierce:1 foe:9:Innate;ice:Bufubarion +5:37 MP:265 dmg:1 foe:10:Innate;ail:Makajamaon +2:21 MP:40% Seal:All foes:5:Innate;ice:Mabufubarion +5:56 MP:185 dmg:All foes:15:76;phy:Megaton Press +2:43 MP:260 dmg, 50% hit:All foes:10:77;pas:High Ice Pleroma:Auto:Ice dmg x1.4:Self:1:79;sup:Omagatoki Savage:1 Magatsuhi:All skill dmg and costs doubled for 1 turn:All allies:50:Tm;
phy:Megaton Press +4:40 MP:260 dmg, 50% hit:All foes:10:Innate;phy:Retaliate +4:Auto:Chance to counter St-based attack with medium dmg:Self:1:Innate;phy:Severing Bite +4:20 MP:190 dmg, 300 dmg when crit:1 foe:5:Innate;ail:Fogna +3:21 MP:50% Mirage:All foes:5:Innate;pas:Safeguard:Auto:Nullifies turn penalties when attack is dodged or resisted:Self:1:73;pas:Great Life Spring:Auto:Greatly increases max HP:Self:1:74;fir:Maragibarion +2:65 MP:185 dmg:All foes:15:75;sup:Omagatoki Savage:1 Magatsuhi:All skill dmg and costs doubled for 1 turn:All allies:50:Tm;
phy:Hell Thrust +5:33 MP:235 dmg, Pierce:1 foe:9:Innate;ail:Slumber Vortex +3:29 MP:40% Sleep, Mirage:All foes:7:Innate;ail:Toxic Spray +3:12 MP:Poisma + Rakunda:1 foe:3:Innate;sup:Charge:10 MP:Raise dmg of next St-based attack:Self:2:Innate;pas:Enduring Soul:Auto:Survive fatal attack with full HP once per battle:Self:1:68;phy:Megaton Press +5:37 MP:260 dmg, 50% hit:All foes:10:69;pas:Poison Master:Auto:Greatly increases effects of Poison:Self:1:70;sup:Omagatoki Savage:1 Magatsuhi:All skill dmg and costs doubled for 1 turn:All allies:50:Tm;
phy:Brave Blade +4:36 MP:220 dmg, 30% crit:1 foe:9:Innate;fir:Fire Dracostrike +6:18 MP:200 St-based dmg:1 foe:5:Innate;fir:Maragidyne +6:36 MP:155 dmg:All foes:10:Innate;phy:Mighty Cleave +4:20 MP:240 dmg, 50% hit, 100% crit:1 foe:5:63;phy:Hades Blast +4:48 MP:190 dmg:All foes:12:64;pas:Murderous Glee:Auto:Greatly increases crit rate:Self:1:65;sup:Omagatoki Savage:1 Magatsuhi:All skill dmg and costs doubled for 1 turn:All allies:50:Tm;
ice:Bufudyne +3:29 MP:215 dmg:1 foe:7:Innate;ice:Mabufudyne +3:42 MP:155 dmg:All foes:10:Innate;ele:Ziodyne +3:29 MP:215 dmg:1 foe:7:Innate;pas:High Restore:Auto:Recover 20 MP when striking enemy weakness or crit:Self:1:57;fir:Agidyne +3:29 MP:215 dmg:1 foe:7:58;for:Mazandyne +3:42 MP:155 dmg:All foes:10:59;sup:Omagatoki Savage:1 Magatsuhi:All skill dmg and costs doubled for 1 turn:All allies:50:Tm;
phy:Crusher Onslaught +2:17 MP:170 dmg, 50% hit:All foes:4:Innate;fir:Agidyne +4:28 MP:215 dmg:1 foe:7:Innate;sup:Masukunda:30 MP:Lower hit/evade 1 level for 3 turns:All foes:6:Innate;dar:Black Dracostrike +2:26 MP:200 St-based dmg, 40% instakill when weak to dark:1 foe:6:52;phy:Rampage +2:30 MP:180 dmg, 2-5 hits, 50% hit:Multi foes:7:53;fir:Maragion +4:24 MP:120 dmg:All foes:6:54;sup:Omagatoki Savage:1 Magatsuhi:All skill dmg and costs doubled for 1 turn:All allies:50:Tm;
ice:Mabufula +4:24 MP:120 dmg:All foes:6:Innate;dar:Mudoon +4:20 MP:175 dmg, 40% instakill when weak to dark:1 foe:5:Innate;sup:Marakukaja +1:25 MP:Raise defense 1 level for 3 turns:All allies:6:Innate;sup:Concentrate +1:8 MP:Raise dmg of next Ma-based attack:Self:2:45;dar:Mamudoon +4:32 MP:135 dmg, 30% instakill when weak to dark:All foes:8:46;sup:Makarakarn +1:42 MP:Repel next magic attack:1 ally:10:47;sup:Omagatoki Savage:1 Magatsuhi:All skill dmg and costs doubled for 1 turn:All allies:50:Tm;
ice:Bufula +5:15 MP:160 dmg:1 foe:4:Innate;ice:King Bufula +5:26 MP:110 dmg, Rakunda:All foes:99:Innate;pas:Ice Pleroma:Auto:Ice dmg x1.2:Self:1:Innate;phy:Beatdown:15 MP:110 dmg, Dmg scales with current HP:1 foe:3:34;sup:Matarukaja +1:25 MP:Raise attack 1 level for 3 turns:All allies:6:35;sup:Concentrate +1:8 MP:Raise dmg of next Ma-based attack:Self:2:36;sup:Omagatoki Savage:1 Magatsuhi:All skill dmg and costs doubled for 1 turn:All allies:50:Tm;
ice:Mabufubarion +4:60 MP:185 dmg:All foes:15:Innate;dar:Mamudobarion +1:72 MP:185 dmg, 30% instakill when weak to dark:All foes:16:Innate;ail:Slumber Vortex +7:24 MP:40% Sleep, Mirage:All foes:7:Innate;ail:Toxic Spray +7:10 MP:Poisma + Rakunda:1 foe:3:Innate;pas:Poison Master:Auto:Greatly increases effects of Poison:Self:1:75;ice:Bufubarion +4:40 MP:265 dmg:1 foe:10:76;pas:Great Curse Siphon:Auto:Recover 20 MP when inflicting an ailment:Self:1:77;alm:Big Bang:1 Magatsuhi:350 lvl-dependent dmg:All foes:50:Tm;
phy:Madness Nails +3:30 MP:165 dmg, 2-4 hits:Multi foes:8:Innate;for:Mazandyne +3:42 MP:155 dmg:All foes:10:Innate;ail:Tentarafoo +2:21 MP:45% Panic:All foes:5:Innate;pas:Null Force:Auto:Nullifies force dmg:Self:1:68;phy:Yabusame Shot +3:42 MP:60 dmg, Pierce, 100% crit:All foes:10:69;ele:Ziobarion +3:42 MP:265 dmg:1 foe:10:70;alm:Big Bang:1 Magatsuhi:350 lvl-dependent dmg:All foes:50:Tm;
phy:Mortal Jihad +4:24 MP:250 dmg:1 foe:6:Innate;phy:Steel Needle +4:20 MP:75 dmg, 1-4 hits, 20% crit:1 foe:5:Innate;ail:Toxic Cloud +3:21 MP:60% Poison:All foes:5:Innate;pas:Poison Adept:Auto:Increases effects of Poison:Self:1:Innate;pas:Abyssal Mask:Auto:Greatly increases ailment and instakill resistance:Self:1:61;pas:Null Elec:Auto:Nullifies elec dmg:Self:1:62;pas:Poison Master:Auto:Greatly increases effects of Poison:Self:1:63;alm:Big Bang:1 Magatsuhi:350 lvl-dependent dmg:All foes:50:Tm;
phy:Frenzied Chomp +3:21 MP:165 dmg, 25% Poison, Panic, Charm:1 foe:5:Innate;fir:Fire Breath +3:21 MP:90 dmg, 2-5 hits:Multi foes:5:Innate;dar:Toxic Breath:30 MP:120 dmg, 50% Poison:All foes:99:Innate;phy:Eat Whole +3:16 MP:150 dmg, Absorbs HP:1 foe:4:54;pas:Dragon Eye:Auto:Greatly increases accuracy:Self:1:55;phy:Rampage +3:29 MP:180 dmg, 2-5 hits, 50% hit:Multi foes:7:56;alm:Big Bang:1 Magatsuhi:350 lvl-dependent dmg:All foes:50:Tm;
phy:Crusher Onslaught:20 MP:170 dmg, 50% hit:All foes:4:Innate;ail:Toxic Cloud +5:18 MP:60% Poison:All foes:5:Innate;ail:Fogna +5:18 MP:50% Mirage:All foes:5:32;pas:Curse Siphon:Auto:Recover 10 MP when inflicting an ailment:Self:1:33;sup:Taunt:10 MP:Raise chance of being targeted:Self:2:34;alm:Big Bang:1 Magatsuhi:350 lvl-dependent dmg:All foes:50:Tm;
fir:Mirage Shot +3:12 MP:160 dmg, 75% Mirage:1 foe:99:Innate;fir:Maragi +3:12 MP:95 dmg:All foes:3:18;sup:Concentrate +1:8 MP:Raise dmg of next Ma-based attack:Self:2:19;alm:Big Bang:1 Magatsuhi:350 lvl-dependent dmg:All foes:50:Tm;
phy:Critical Wave +3:21 MP:90 dmg, 20% crit:All foes:5:Innate;phy:Fatal Sword +3:21 MP:180 dmg, 30% crit:1 foe:5:Innate;alm:Spirit Drain:5 MP:100 dmg, Absorbs MP:1 foe:1:Innate;for:Zanma:20 MP:160 dmg:1 foe:4:42;sup:Dark Block:40 MP:Nullify next dark attack:All allies:8:43;pas:Bloody Glee:Auto:Increases crit rate:Self:1:44;phy:Twilight Wave:1 Magatsuhi:175 lvl-dependent dmg, 100% Sleep:All foes:50:Tm;
phy:Damascus Claw +2:20 MP:90 dmg, 2-3 hits:1 foe:5:Innate;phy:Fang Breaker +2:13 MP:130 dmg, Tarunda:1 foe:3:Innate;alm:Life Drain:10 MP:120 dmg, Absorbs HP:1 foe:2:Innate;phy:Madness Needle +2:8 MP:110 dmg, 45% Panic:1 foe:2:32;pas:Resist Fire:Auto:Halves fire dmg:Self:1:33;pas:Bloody Glee:Auto:Increases crit rate:Self:1:34;phy:Twilight Wave:1 Magatsuhi:175 lvl-dependent dmg, 100% Sleep:All foes:50:Tm;
ele:Shockbound +2:21 MP:90 dmg, 2-5 hits:Multi foes:5:Innate;sup:Masukunda +2:24 MP:Lower hit/evade 1 level for 3 turns:All foes:6:Innate;phy:Dream Needle:10 MP:110 dmg, 55% Sleep:1 foe:2:26;sup:Elec Block +2:32 MP:Nullify next elec attack:All allies:8:27;pas:Resist Force:Auto:Halves force dmg:Self:1:28;phy:Twilight Wave:1 Magatsuhi:175 lvl-dependent dmg, 100% Sleep:All foes:50:Tm;
sup:Sukukaja +1:6 MP:Raise hit/evade 1 level for 3 turns:1 ally:2:Innate;sup:Sukunda +1:6 MP:Lower hit/evade 1 level for 3 turns:1 foe:2:Innate;phy:Bouncing Claw +3:10 MP:65 dmg, 1-3 hits:1 foe:3:13;rec:Patra +1:6 MP:Cure ailments:1 ally:2:14;phy:Twilight Wave:1 Magatsuhi:175 lvl-dependent dmg, 100% Sleep:All foes:50:Tm;
phy:Bestial Bite +1:4 MP:130 dmg, 200 dmg when crit:1 foe:1:Innate;ice:Bufu +1:9 MP:130 dmg:1 foe:2:4;alm:Life Drain:10 MP:120 dmg, Absorbs HP:1 foe:2:5;phy:Twilight Wave:1 Magatsuhi:175 lvl-dependent dmg, 100% Sleep:All foes:50:Tm;
alm:Life Drain +2:8 MP:120 dmg, Absorbs HP:1 foe:2:Innate;ail:Toxic Spray +6:10 MP:Poisma + Rakunda:1 foe:3:Innate;ail:Toxic Cloud +6:18 MP:60% Poison:All foes:5:34;phy:Bestial Bite +2:4 MP:130 dmg, 200 dmg when crit:1 foe:1:35;pas:Resist Elec:Auto:Halves elec dmg:Self:1:36;sup:Omagatoki Potential:1 Magatsuhi:Maxes out skill potentials for 1 turn:All allies:50:Tm;
dar:Mudo +2:13 MP:140 dmg, 40% instakill when weak to dark:1 foe:3:Innate;phy:Berserker God:15 MP:180 dmg:1 foe:3:20;ail:Makajama +2:8 MP:65% Seal:1 foe:2:21;pas:Curse Siphon:Auto:Recover 10 MP when inflicting an ailment:Self:1:22;sup:Omagatoki Potential:1 Magatsuhi:Maxes out skill potentials for 1 turn:All allies:50:Tm;
phy:Lunge +1:4 MP:145 dmg:1 foe:1:Innate;ail:Dustoma +3:8 MP:75% Mirage:1 foe:2:2;ail:Poisma +3:8 MP:85% Poison:1 foe:2:3;sup:Omagatoki Potential:1 Magatsuhi:Maxes out skill potentials for 1 turn:All allies:50:Tm;
phy:Yabusame Shot:50 MP:60 dmg, Pierce, 100% crit:All foes:10:Innate;alm:Murakumo:50 MP:275 St-based dmg, 330 dmg when crit:1 foe:99:Innate;pas:Almighty Pleroma:Auto:Almighty dmg x1.2:Self:1:Innate;pas:Enduring Soul:Auto:Survive fatal attack with full HP once per battle:Self:1:Innate;pas:Great Mana Spring:Auto:Greatly increases max MP:Self:1:Innate;
rec:Me Patra:30 MP:Cure ailments:All allies:6:Innate;rec:Mediarahan:150 MP:Fully recover HP:All allies:30:Innate;rec:Revival Chant:100 MP:Revive and summon with full HP:1 ally:99:Innate;pas:Abyssal Mask:Auto:Greatly increases ailment and instakill resistance:Self:1:Innate;pas:Safeguard:Auto:Nullifies turn penalties when attack is dodged or resisted:Self:1:Innate;
ice:Thalassic Calamity:45 MP:95 dmg, 3-7 hits:Multi foes:99:Innate;alm:Energy Drain:15 MP:80 dmg, Absorbs HP and MP:1 foe:3:Innate;sup:Concentrate:10 MP:Raise dmg of next Ma-based attack:Self:2:Innate;pas:Dragon Eye:Auto:Greatly increases accuracy:Self:1:Innate;pas:Mana Aid:Auto:Recover MP after battle:Self:1:Innate;
dar:Profaned Land:35 MP:240 dmg, 100% Poison:1 foe:99:Innate;ail:Slumber Vortex:35 MP:40% Sleep, Mirage:All foes:7:Innate;pas:Great Curse Siphon:Auto:Recover 20 MP when inflicting an ailment:Self:1:Innate;pas:Poison Adept:Auto:Increases effects of Poison:Self:1:Innate;
phy:Wrath Tempest:35 MP:30 dmg, 8 hits, 40 dmg when crit:Multi foes:99:Innate;sup:Matarukaja:30 MP:Raise attack 1 level for 3 turns:All allies:6:Innate;pas:Bloody Glee:Auto:Increases crit rate:Self:1:Innate;pas:Restore:Auto:Recover 10 MP when striking enemy weakness or crit:Self:1:Innate;
phy:Counter:Auto:Chance to counter St-based attack with light dmg:Self:1:Innate;alm:Divine Arrowfall:35 MP:170 dmg:All foes:99:Innate;rec:Diamrita:30 MP:Diarama + Patra:1 ally:6:Innate;oth:Trafuri:6 MP:Guaranteed escape from normal battle:Self:2:Innate;
lig:Hamaon:25 MP:175 dmg, 40% instakill when weak to light:1 foe:5:Innate;sup:Kannabi Veil:15 MP:Reduce dmg received until next turn:All allies:99:Innate;pas:Mana Spring:Auto:Increase max MP:Self:1:Innate;
ele:Ruinous Thunder:20 MP:200 dmg:1 foe:99:Innate;alm:Spirit Drain:5 MP:100 dmg, Absorbs MP:1 foe:1:Innate;rec:Diarama:15 MP:Moderately recover HP:1 ally:3:Innate;
ele:Zionga:20 MP:160 dmg:1 foe:4:Innate;alm:Sakanagi:20 MP:230 St-based dmg:1 foe:99:Innate;pas:Life Spring:Auto:Increase max HP:Self:1:Innate;
ail:Makajama:10 MP:65% Seal:1 foe:2:Innate;rec:Miracle Water:20 MP:Slightly recover HP:All allies:99:Innate;
phy:Aramasa:10 MP:20 dmg, 8 hits:1 foe:99:Innate;sup:Rakunda:8 MP:Lower defense 1 level for 3 turns:1 foe:2:Innate;